Meet,1138,0.902479,172.30.1.250,172.30.1.1,QUIC,108
Meet,1139,0.904156999999998,172.30.1.1,172.30.1.250,QUIC,108
Meet,1140,1.004869,172.30.1.1,172.30.1.250,QUIC,104
Meet,1141,1.175567,172.30.1.1,172.30.1.250,QUIC,104
Meet,1142,1.221968,172.30.1.250,172.30.1.1,QUIC,104
Meet,1143,1.236593,172.30.1.250,172.30.1.1,QUIC,104
Meet,1144,1.440386,172.30.1.1,172.30.1.250,QUIC,104
Meet,1145,1.535251,172.30.1.250,172.30.1.1,QUIC,104
Meet,1146,1.741355,172.30.1.1,172.30.1.250,QUIC,104
Meet,1147,1.794415,172.30.1.250,172.30.1.1,QUIC,104
Meet,1148,2.000788,172.30.1.1,172.30.1.250,QUIC,104
Meet,1149,2.176537,172.30.1.250,172.30.1.1,QUIC,104
Meet,1150,2.382279,172.30.1.1,172.30.1.250,QUIC,104
Meet,1151,2.495304,172.30.1.250,172.30.1.1,QUIC,104
Teams,1152,2.641708,172.30.1.1,172.30.1.250,TLSv1.2,2156
Teams,1153,2.642589,172.30.1.250,172.30.1.1,TCP,88
Meet,1154,2.701264,172.30.1.1,172.30.1.250,QUIC,104
Meet,1155,2.816511,172.30.1.250,172.30.1.1,QUIC,104
Teams,1156,2.817102,172.30.1.250,172.30.1.1,TLSv1.2,540
Teams,1157,2.817506,172.30.1.1,172.30.1.250,TCP,88
Meet,1158,3.230641,172.30.1.1,172.30.1.250,QUIC,104
Meet,1159,3.313427,172.30.1.250,172.30.1.1,QUIC,104
Teams,1160,3.498496,172.30.1.250,172.30.1.1,TLSv1.2,1804
Teams,1161,3.514338,172.30.1.1,172.30.1.250,TLSv1.2,344
Teams,1162,3.515009,172.30.1.250,172.30.1.1,TCP,88
Meet,1163,4.12606100000001,172.30.1.1,172.30.1.250,QUIC,104
Meet,1164,4.26155300000001,172.30.1.250,172.30.1.1,QUIC,104
WhatsApp,1165,4.28121400000001,172.30.1.1,172.30.1.250,TCP,92
WhatsApp,1166,4.282087,172.30.1.250,172.30.1.1,TCP,88
WhatsApp,1167,4.282377,172.30.1.1,172.30.1.250,TCP,124
WhatsApp,1168,4.28258099999999,172.30.1.250,172.30.1.1,TCP,88
Accountable2You,1169,4.355302,172.30.1.1,172.30.1.250,DNS,112
WhatsApp,1170,4.376374,172.30.1.250,172.30.1.1,TCP,128
WhatsApp,1171,4.37667500000001,172.30.1.1,172.30.1.250,TCP,88
Accountable2You,1172,4.420429,172.30.1.250,172.30.1.1,DNS,152
Accountable2You,1173,4.429883,172.30.1.1,172.30.1.250,TCP,108
Accountable2You,1174,4.483305,172.30.1.250,172.30.1.1,TCP,96
Accountable2You,1175,4.484162,172.30.1.1,172.30.1.250,TCP,88
Accountable2You,1176,4.489897,172.30.1.1,172.30.1.250,TLSv1.3,604
Accountable2You,1177,4.491005,172.30.1.250,172.30.1.1,TCP,88
Accountable2You,1178,4.562282,172.30.1.250,172.30.1.1,TLSv1.3,6616
Accountable2You,1179,4.565155,172.30.1.1,172.30.1.250,TCP,88
Accountable2You,1180,4.571443,172.30.1.250,172.30.1.1,TLSv1.3,328
Accountable2You,1181,4.571798,172.30.1.1,172.30.1.250,TCP,88
Accountable2You,1182,4.60816800000001,172.30.1.1,172.30.1.250,TLSv1.3,152
Accountable2You,1183,4.60897300000001,172.30.1.250,172.30.1.1,TCP,88
Accountable2You,1184,4.613043,172.30.1.1,172.30.1.250,TLSv1.3,132
Accountable2You,1185,4.61332,172.30.1.250,172.30.1.1,TCP,88
Accountable2You,1186,4.61376199999999,172.30.1.1,172.30.1.250,TLSv1.3,124
Accountable2You,1187,4.61383600000001,172.30.1.250,172.30.1.1,TCP,88
Accountable2You,1188,4.61421300000001,172.30.1.1,172.30.1.250,TLSv1.3,124
Accountable2You,1189,4.614611,172.30.1.250,172.30.1.1,TCP,88
Accountable2You,1190,4.615599,172.30.1.1,172.30.1.250,TLSv1.3,160
Accountable2You,1191,4.615746,172.30.1.250,172.30.1.1,TCP,88
Accountable2You,1192,4.664028,172.30.1.250,172.30.1.1,TLSv1.3,864
Accountable2You,1193,4.671339,172.30.1.1,172.30.1.250,TLSv1.3,112
Accountable2You,1194,4.671578,172.30.1.250,172.30.1.1,TCP,88
Accountable2You,1195,4.67330200000001,172.30.1.1,172.30.1.250,TCP,88
Accountable2You,1196,4.6735,172.30.1.250,172.30.1.1,TCP,88
Accountable2You,1197,4.68428900000001,172.30.1.1,172.30.1.250,DNS,116
Accountable2You,1198,4.71847,172.30.1.250,172.30.1.1,TCP,88
Accountable2You,1199,4.73025,172.30.1.250,172.30.1.1,DNS,148
Accountable2You,1200,4.73604,172.30.1.1,172.30.1.250,TCP,108
Accountable2You,1201,4.786371,172.30.1.250,172.30.1.1,TCP,96
Accountable2You,1202,4.786823,172.30.1.1,172.30.1.250,TCP,88
Accountable2You,1203,4.793711,172.30.1.1,172.30.1.250,TLSv1.3,616
Accountable2You,1204,4.79454200000001,172.30.1.250,172.30.1.1,TCP,88
Accountable2You,1205,4.850261,172.30.1.250,172.30.1.1,TLSv1.3,2700
Accountable2You,1206,4.851238,172.30.1.1,172.30.1.250,TCP,88
Accountable2You,1207,4.85231400000001,172.30.1.250,172.30.1.1,TLSv1.3,3044
Accountable2You,1208,4.852779,172.30.1.1,172.30.1.250,TCP,88
Accountable2You,1209,4.902823,172.30.1.1,172.30.1.250,TLSv1.3,152
Accountable2You,1210,4.903677,172.30.1.250,172.30.1.1,TCP,88
Accountable2You,1211,4.90680500000001,172.30.1.1,172.30.1.250,TLSv1.3,944
Accountable2You,1212,4.90717100000001,172.30.1.250,172.30.1.1,TCP,88
Accountable2You,1213,5.04078199999999,172.30.1.250,172.30.1.1,TLSv1.3,1144
Accountable2You,1214,5.041985,172.30.1.1,172.30.1.250,TCP,88
Meet,1215,5.871334,172.30.1.1,172.30.1.250,QUIC,104
Meet,1216,6.01618000000001,172.30.1.250,172.30.1.1,QUIC,104
Meet,1217,9.23795699999999,172.30.1.1,172.30.1.250,QUIC,104
Meet,1218,9.376493,172.30.1.250,172.30.1.1,QUIC,104
Meet,1219,10.663969,172.30.1.250,172.30.1.1,QUIC,108
Teams,1220,10.665935,172.30.1.250,172.30.1.1,TCP,1404
Meet,1221,10.681449,172.30.1.1,172.30.1.250,QUIC,108
Teams,1222,10.70932,172.30.1.1,172.30.1.250,TCP,88
Teams,1223,10.724648,172.30.1.250,172.30.1.1,TLSv1.2,492
Teams,1224,10.725487,172.30.1.1,172.30.1.250,TCP,88
Teams,1225,10.737598,172.30.1.1,172.30.1.250,TLSv1.2,344
Teams,1226,10.737878,172.30.1.250,172.30.1.1,TCP,88
Meet,1227,10.874597,172.30.1.1,172.30.1.250,QUIC,104
Meet,1228,10.977328,172.30.1.250,172.30.1.1,QUIC,104
Meet,1229,11.186304,172.30.1.1,172.30.1.250,QUIC,104
Meet,1230,11.295566,172.30.1.250,172.30.1.1,QUIC,104
USAA SafePilot,1231,11.457179,172.30.1.250,172.30.1.1,TLSv1.2,132
USAA SafePilot,1232,11.457691,172.30.1.250,172.30.1.1,TLSv1.2,120
USAA SafePilot,1233,11.45784,172.30.1.250,172.30.1.1,TCP,88
USAA SafePilot,1234,11.462309,172.30.1.1,172.30.1.250,TCP,88
USAA SafePilot,1235,11.462344,172.30.1.1,172.30.1.250,TLSv1.2,120
USAA SafePilot,1236,11.462358,172.30.1.250,172.30.1.1,TCP,88
USAA SafePilot,1237,11.462501,172.30.1.1,172.30.1.250,TCP,88
USAA SafePilot,1238,11.462517,172.30.1.250,172.30.1.1,TCP,88
Meet,1239,11.499612,172.30.1.1,172.30.1.250,QUIC,104
Meet,1240,11.555778,172.30.1.250,172.30.1.1,QUIC,104
Meet,1241,11.761985,172.30.1.1,172.30.1.250,QUIC,104
Meet,1242,11.937182,172.30.1.250,172.30.1.1,QUIC,104
Meet,1243,12.144938,172.30.1.1,172.30.1.250,QUIC,104
Meet,1244,12.262356,172.30.1.250,172.30.1.1,QUIC,104
Meet,1245,12.467493,172.30.1.1,172.30.1.250,QUIC,104
Meet,1246,12.575495,172.30.1.250,172.30.1.1,QUIC,104
Meet,1247,12.982741,172.30.1.1,172.30.1.250,QUIC,104
Meet,1248,13.167407,172.30.1.1,172.30.1.250,QUIC,104
Meet,1249,13.222953,172.30.1.250,172.30.1.1,QUIC,104
Meet,1250,13.237445,172.30.1.250,172.30.1.1,QUIC,104
Meet,1251,20.867717,172.30.1.1,172.30.1.250,QUIC,104
Meet,1252,20.916282,172.30.1.250,172.30.1.1,QUIC,108
Meet,1253,20.924736,172.30.1.250,172.30.1.1,QUIC,108
Meet,1254,20.926497,172.30.1.1,172.30.1.250,QUIC,108
Meet,1255,20.977853,172.30.1.250,172.30.1.1,QUIC,104
Meet,1256,21.181874,172.30.1.1,172.30.1.250,QUIC,104
Meet,1257,21.375565,172.30.1.250,172.30.1.1,QUIC,104
Meet,1258,21.579993,172.30.1.1,172.30.1.250,QUIC,104
Meet,1259,21.695726,172.30.1.250,172.30.1.1,QUIC,104
Meet,1260,21.900269,172.30.1.1,172.30.1.250,QUIC,104
Meet,1261,22.015794,172.30.1.250,172.30.1.1,QUIC,104
Meet,1262,22.220633,172.30.1.1,172.30.1.250,QUIC,104
Meet,1263,22.336315,172.30.1.250,172.30.1.1,QUIC,104
Meet,1264,22.541448,172.30.1.1,172.30.1.250,QUIC,104
Meet,1265,22.655591,172.30.1.250,172.30.1.1,QUIC,104
Meet,1266,22.862887,172.30.1.1,172.30.1.250,QUIC,104
Meet,1267,22.974985,172.30.1.250,172.30.1.1,QUIC,104
YouTube,1268,23.031791,172.30.1.1,172.30.1.250,DNS,116
YouTube,1269,23.035459,172.30.1.1,172.30.1.250,QUIC,1324
YouTube,1270,23.03715,172.30.1.1,172.30.1.250,QUIC,152
YouTube,1271,23.038764,172.30.1.1,172.30.1.250,TCP,108
YouTube,1272,23.14366,172.30.1.250,172.30.1.1,DNS,372
YouTube,1273,23.145317,172.30.1.250,172.30.1.1,TCP,96
YouTube,1274,23.145612,172.30.1.1,172.30.1.250,TCP,88
YouTube,1275,23.14817,172.30.1.1,172.30.1.250,QUIC,1324
YouTube,1276,23.148479,172.30.1.250,172.30.1.1,QUIC,1324
YouTube,1277,23.148634,172.30.1.250,172.30.1.1,QUIC,1324
YouTube,1278,23.148721,172.30.1.250,172.30.1.1,QUIC,1324
YouTube,1279,23.148805,172.30.1.250,172.30.1.1,QUIC,1324
YouTube,1280,23.149793,172.30.1.1,172.30.1.250,TLSv1.3,872
YouTube,1281,23.150899,172.30.1.250,172.30.1.1,TCP,88
YouTube,1282,23.15442,172.30.1.1,172.30.1.250,QUIC,1324
YouTube,1283,23.154592,172.30.1.1,172.30.1.250,QUIC,116
YouTube,1284,23.155711,172.30.1.1,172.30.1.250,QUIC,116
YouTube,1285,23.295372,172.30.1.250,172.30.1.1,QUIC,312
YouTube,1286,23.295825,172.30.1.250,172.30.1.1,TLSv1.3,2700
YouTube,1287,23.296644,172.30.1.1,172.30.1.250,TCP,88
YouTube,1288,23.296738,172.30.1.250,172.30.1.1,TLSv1.3,2328
YouTube,1289,23.296913,172.30.1.1,172.30.1.250,TCP,88
YouTube,1290,23.312031,172.30.1.1,172.30.1.250,QUIC,240
YouTube,1291,23.315239,172.30.1.1,172.30.1.250,QUIC,820
YouTube,1292,23.320876,172.30.1.1,172.30.1.250,TLSv1.3,160
YouTube,1293,23.321205,172.30.1.250,172.30.1.1,TCP,88
YouTube,1294,23.322482,172.30.1.1,172.30.1.250,QUIC,1320
YouTube,1295,23.323069,172.30.1.1,172.30.1.250,QUIC,1324
YouTube,1296,23.323673,172.30.1.1,172.30.1.250,QUIC,1324
YouTube,1297,23.324247,172.30.1.1,172.30.1.250,QUIC,748
YouTube,1298,23.360108,172.30.1.250,172.30.1.1,QUIC,1032
YouTube,1299,23.360412,172.30.1.250,172.30.1.1,QUIC,196
YouTube,1300,23.360546,172.30.1.250,172.30.1.1,QUIC,104
YouTube,1301,23.364811,172.30.1.1,172.30.1.250,QUIC,108
YouTube,1302,23.371689,172.30.1.250,172.30.1.1,QUIC,100
YouTube,1303,23.371917,172.30.1.250,172.30.1.1,TLSv1.3,1060
YouTube,1304,23.376423,172.30.1.250,172.30.1.1,QUIC,100
Meet,1305,23.378955,172.30.1.1,172.30.1.250,QUIC,104
YouTube,1306,23.380601,172.30.1.250,172.30.1.1,QUIC,320
YouTube,1307,23.383531,172.30.1.1,172.30.1.250,QUIC,112
Google Play service,1308,23.385924,172.30.1.1,172.30.1.250,DNS,128
YouTube,1309,23.387812,172.30.1.250,172.30.1.1,QUIC,328
YouTube,1310,23.413342,172.30.1.1,172.30.1.250,QUIC,108
YouTube,1311,23.414689,172.30.1.1,172.30.1.250,TCP,88
Meet,1312,23.429502,172.30.1.250,172.30.1.1,QUIC,104
Google Play service,1313,23.432186,172.30.1.250,172.30.1.1,DNS,384
Google Play service,1314,23.452497,172.30.1.1,172.30.1.250,TCP,108
YouTube,1315,23.462765,172.30.1.250,172.30.1.1,QUIC,100
Google Play service,1316,23.504575,172.30.1.250,172.30.1.1,TCP,96
Google Play service,1317,23.505223,172.30.1.1,172.30.1.250,TCP,88
Google Play service,1318,23.520337,172.30.1.1,172.30.1.250,TLSv1.3,660
Google Play service,1319,23.521256,172.30.1.250,172.30.1.1,TCP,88
Google Play service,1320,23.570448,172.30.1.250,172.30.1.1,TLSv1.3,300
Google Play service,1321,23.571597,172.30.1.1,172.30.1.250,TCP,88
Google Play service,1322,23.575809,172.30.1.1,172.30.1.250,TLSv1.3,152
Google Play service,1323,23.576167,172.30.1.250,172.30.1.1,TCP,88
Google Play service,1324,23.591426,172.30.1.1,172.30.1.250,TLSv1.3,148
Google Play service,1325,23.591802,172.30.1.250,172.30.1.1,TCP,88
Google Play service,1326,23.614801,172.30.1.250,172.30.1.1,TLSv1.3,700
Google Play service,1327,23.623945,172.30.1.1,172.30.1.250,TLSv1.3,624
Google Play service,1328,23.624229,172.30.1.250,172.30.1.1,TCP,88
Google Play service,1329,23.63304,172.30.1.250,172.30.1.1,TLSv1.3,120
Google Play service,1330,23.638968,172.30.1.1,172.30.1.250,TLSv1.3,1448
Google Play service,1331,23.639309,172.30.1.250,172.30.1.1,TCP,88
Google Play service,1332,23.717984,172.30.1.250,172.30.1.1,TLSv1.3,260
Google Play service,1333,23.728065,172.30.1.250,172.30.1.1,TLSv1.3,212
Google Play service,1334,23.72936,172.30.1.1,172.30.1.250,TCP,88
Google Play service,1335,23.732805,172.30.1.1,172.30.1.250,TLSv1.3,128
Google Play service,1336,23.732986,172.30.1.250,172.30.1.1,TCP,88
Google Play service,1337,23.985819,172.30.1.250,172.30.1.1,TCP,88
Messenger,1338,23.988855,172.30.1.250,172.30.1.1,TCP,88
Google Play service,1339,23.989521,172.30.1.250,172.30.1.1,TCP,88
Gmail,1340,23.992823,172.30.1.250,172.30.1.1,TCP,88
Meet,1341,24.23806,172.30.1.1,172.30.1.250,QUIC,104
Meet,1342,24.415565,172.30.1.250,172.30.1.1,QUIC,104
Messenger,1343,25.015459,172.30.1.1,172.30.1.250,DNS,120
Messenger,1344,25.216908,172.30.1.250,172.30.1.1,DNS,172
Messenger,1345,25.228071,172.30.1.1,172.30.1.250,TCP,108
Messenger,1346,25.277544,172.30.1.250,172.30.1.1,TCP,96
Messenger,1347,25.288445,172.30.1.1,172.30.1.250,TCP,88
Messenger,1348,25.28853,172.30.1.1,172.30.1.250,TCP,92
Messenger,1349,25.289009,172.30.1.1,172.30.1.250,TCP,96
Messenger,1350,25.289103,172.30.1.1,172.30.1.250,TCP,92
Messenger,1351,25.293725,172.30.1.250,172.30.1.1,TCP,88
Messenger,1352,25.30033,172.30.1.1,172.30.1.250,TCP,1308
Messenger,1353,25.300773,172.30.1.250,172.30.1.1,TCP,88
Messenger,1354,25.38007,172.30.1.250,172.30.1.1,TCP,144
Messenger,1355,25.381182,172.30.1.1,172.30.1.250,TCP,88
Messenger,1356,25.392651,172.30.1.250,172.30.1.1,TCP,140
Messenger,1357,25.393496,172.30.1.1,172.30.1.250,TCP,88
Messenger,1358,25.42488,172.30.1.1,172.30.1.250,TCP,132
Messenger,1359,25.425412,172.30.1.250,172.30.1.1,TCP,88
Messenger,1360,25.536472,172.30.1.250,172.30.1.1,TCP,184
Messenger,1361,25.579486,172.30.1.1,172.30.1.250,TCP,88
Messenger,1362,25.583419,172.30.1.250,172.30.1.1,TCP,124
Messenger,1363,25.583934,172.30.1.1,172.30.1.250,TCP,88
Meet,1364,26.034624,172.30.1.1,172.30.1.250,QUIC,104
Meet,1365,26.107997,172.30.1.250,172.30.1.1,QUIC,104
YouTube,3138,33.152806,172.30.1.1,172.30.1.250,QUIC,280
YouTube,3139,33.156255,172.30.1.1,172.30.1.250,QUIC,280
YouTube,3140,33.15811,172.30.1.1,172.30.1.250,QUIC,280
YouTube,3141,33.346378,172.30.1.1,172.30.1.250,QUIC,280
YouTube,3142,33.426021,172.30.1.250,172.30.1.1,QUIC,104
YouTube,3143,33.426366,172.30.1.250,172.30.1.1,QUIC,104
YouTube,3144,33.426433,172.30.1.250,172.30.1.1,QUIC,96
YouTube,3145,33.426481,172.30.1.250,172.30.1.1,QUIC,104
YouTube,3146,33.426525,172.30.1.250,172.30.1.1,QUIC,104
YouTube,3147,33.427875,172.30.1.1,172.30.1.250,QUIC,112
YouTube,3148,33.428325,172.30.1.250,172.30.1.1,QUIC,104
YouTube,3149,33.42842,172.30.1.1,172.30.1.250,QUIC,108
YouTube,3150,33.42859,172.30.1.250,172.30.1.1,QUIC,104
YouTube,3151,33.42864,172.30.1.1,172.30.1.250,QUIC,112
YouTube,3152,33.428734,172.30.1.250,172.30.1.1,QUIC,96
YouTube,3153,33.430076,172.30.1.1,172.30.1.250,QUIC,112
YouTube,3154,33.457545,172.30.1.1,172.30.1.250,QUIC,108
YouTube,3155,33.470843,172.30.1.250,172.30.1.1,QUIC,100
YouTube,3156,33.503092,172.30.1.250,172.30.1.1,QUIC,96
YouTube,3157,33.504941,172.30.1.1,172.30.1.250,QUIC,108
YouTube,3158,33.505523,172.30.1.250,172.30.1.1,QUIC,96
YouTube,3159,33.506406,172.30.1.1,172.30.1.250,QUIC,108
YouTube,3160,33.543587,172.30.1.250,172.30.1.1,QUIC,100
YouTube,3161,33.548668,172.30.1.250,172.30.1.1,QUIC,100
YouTube,3162,33.591417,172.30.1.250,172.30.1.1,QUIC,100
YouTube,3163,50.830524,172.30.1.1,172.30.1.250,QUIC,892
YouTube,3164,50.834077,172.30.1.1,172.30.1.250,QUIC,896
YouTube,3165,50.83505,172.30.1.1,172.30.1.250,QUIC,1320
YouTube,3166,50.835614,172.30.1.1,172.30.1.250,QUIC,544
YouTube,3167,50.836292,172.30.1.1,172.30.1.250,QUIC,1320
YouTube,3168,50.836876,172.30.1.1,172.30.1.250,QUIC,544
YouTube,3169,51.030487,172.30.1.250,172.30.1.1,QUIC,104
YouTube,3170,51.030984,172.30.1.250,172.30.1.1,QUIC,100
YouTube,3171,51.031088,172.30.1.250,172.30.1.1,QUIC,100
YouTube,3172,51.031184,172.30.1.250,172.30.1.1,QUIC,100
YouTube,3173,51.031283,172.30.1.250,172.30.1.1,QUIC,192
YouTube,3174,51.031377,172.30.1.250,172.30.1.1,QUIC,1320
YouTube,3175,51.031474,172.30.1.250,172.30.1.1,QUIC,1324
YouTube,3176,51.031569,172.30.1.250,172.30.1.1,QUIC,1324
YouTube,3177,51.031683,172.30.1.250,172.30.1.1,QUIC,1324
YouTube,3178,51.031757,172.30.1.250,172.30.1.1,QUIC,1324
YouTube,3179,51.03183,172.30.1.250,172.30.1.1,QUIC,1324
YouTube,3180,51.031903,172.30.1.250,172.30.1.1,QUIC,1324
YouTube,3181,51.031978,172.30.1.250,172.30.1.1,QUIC,1324
YouTube,3182,51.033417,172.30.1.250,172.30.1.1,QUIC,1324
YouTube,3183,51.035104,172.30.1.1,172.30.1.250,QUIC,112
YouTube,3184,51.036868,172.30.1.250,172.30.1.1,QUIC,1324
YouTube,3185,51.037849,172.30.1.250,172.30.1.1,QUIC,1324
YouTube,3186,51.037959,172.30.1.250,172.30.1.1,QUIC,1324
YouTube,3187,51.03806,172.30.1.250,172.30.1.1,QUIC,1324
YouTube,3188,51.055692,172.30.1.1,172.30.1.250,QUIC,108
YouTube,3189,51.056526,172.30.1.250,172.30.1.1,QUIC,1324
YouTube,3190,51.056813,172.30.1.250,172.30.1.1,QUIC,1324
YouTube,3191,51.056938,172.30.1.250,172.30.1.1,QUIC,1324
YouTube,3192,51.057044,172.30.1.250,172.30.1.1,QUIC,1324
YouTube,3193,51.057142,172.30.1.250,172.30.1.1,QUIC,1324
YouTube,3194,51.057251,172.30.1.250,172.30.1.1,QUIC,1324
YouTube,3195,51.057418,172.30.1.250,172.30.1.1,QUIC,1324
YouTube,3196,51.059531,172.30.1.250,172.30.1.1,QUIC,1324
YouTube,3197,51.059677,172.30.1.250,172.30.1.1,QUIC,1324
YouTube,3198,51.059762,172.30.1.250,172.30.1.1,QUIC,1324
YouTube,3199,51.064567,172.30.1.250,172.30.1.1,QUIC,1324
YouTube,3200,51.064997,172.30.1.250,172.30.1.1,QUIC,1324
YouTube,3201,51.065117,172.30.1.250,172.30.1.1,QUIC,1324
YouTube,3202,51.065222,172.30.1.250,172.30.1.1,QUIC,1324
YouTube,3203,51.065403,172.30.1.250,172.30.1.1,QUIC,1324
YouTube,3204,51.065516,172.30.1.250,172.30.1.1,QUIC,1324
YouTube,3205,51.06636,172.30.1.250,172.30.1.1,QUIC,1324
YouTube,3206,51.066471,172.30.1.250,172.30.1.1,QUIC,1324
YouTube,3207,51.066697,172.30.1.250,172.30.1.1,QUIC,1324
YouTube,3208,51.06681,172.30.1.250,172.30.1.1,QUIC,1324
YouTube,3209,51.066907,172.30.1.250,172.30.1.1,QUIC,1324
YouTube,3210,51.067002,172.30.1.250,172.30.1.1,QUIC,1324
YouTube,3211,51.069335,172.30.1.250,172.30.1.1,QUIC,1324
YouTube,3212,51.069492,172.30.1.250,172.30.1.1,QUIC,1324
YouTube,3213,51.069609,172.30.1.1,172.30.1.250,QUIC,108
YouTube,3214,51.070057,172.30.1.250,172.30.1.1,QUIC,1324
YouTube,3215,51.072632,172.30.1.250,172.30.1.1,QUIC,1324
YouTube,3216,51.072817,172.30.1.250,172.30.1.1,QUIC,1324
YouTube,3217,51.072928,172.30.1.250,172.30.1.1,QUIC,1324
YouTube,3218,51.07303,172.30.1.250,172.30.1.1,QUIC,1324
YouTube,3219,51.073126,172.30.1.250,172.30.1.1,QUIC,1324
YouTube,3220,51.073221,172.30.1.250,172.30.1.1,QUIC,1324
YouTube,3221,51.073317,172.30.1.250,172.30.1.1,QUIC,1324
YouTube,3222,51.075149,172.30.1.250,172.30.1.1,QUIC,1324
YouTube,3223,51.075246,172.30.1.250,172.30.1.1,QUIC,1324
YouTube,3224,51.075294,172.30.1.250,172.30.1.1,QUIC,1324
YouTube,3225,51.075338,172.30.1.250,172.30.1.1,QUIC,1324
YouTube,3226,51.075983,172.30.1.1,172.30.1.250,QUIC,112
YouTube,3227,51.077705,172.30.1.250,172.30.1.1,QUIC,1324
YouTube,3228,51.077814,172.30.1.250,172.30.1.1,QUIC,1324
YouTube,3229,51.08204,172.30.1.250,172.30.1.1,QUIC,1324
YouTube,3230,51.085487,172.30.1.250,172.30.1.1,QUIC,1324
YouTube,3231,51.086288,172.30.1.250,172.30.1.1,QUIC,1324
YouTube,3232,51.089117,172.30.1.1,172.30.1.250,QUIC,108
YouTube,3233,51.089518,172.30.1.250,172.30.1.1,QUIC,1324
YouTube,3234,51.089642,172.30.1.250,172.30.1.1,QUIC,1324
YouTube,3235,51.089748,172.30.1.250,172.30.1.1,QUIC,1324
YouTube,3236,51.089847,172.30.1.250,172.30.1.1,QUIC,1324
YouTube,3237,51.089944,172.30.1.250,172.30.1.1,QUIC,1324
YouTube,3238,51.090042,172.30.1.250,172.30.1.1,QUIC,1324
YouTube,3239,51.090139,172.30.1.250,172.30.1.1,QUIC,1324
YouTube,3240,51.090238,172.30.1.250,172.30.1.1,QUIC,1324
YouTube,3241,51.090337,172.30.1.250,172.30.1.1,QUIC,1324
YouTube,3242,51.090435,172.30.1.250,172.30.1.1,QUIC,1324
YouTube,3243,51.090582,172.30.1.250,172.30.1.1,QUIC,1324
YouTube,3244,51.090687,172.30.1.250,172.30.1.1,QUIC,1324
YouTube,3245,51.090787,172.30.1.250,172.30.1.1,QUIC,1324
YouTube,3246,51.094102,172.30.1.250,172.30.1.1,QUIC,1324
YouTube,3247,51.094205,172.30.1.250,172.30.1.1,QUIC,1324
YouTube,3248,51.094287,172.30.1.250,172.30.1.1,QUIC,1324
YouTube,3249,51.094363,172.30.1.250,172.30.1.1,QUIC,1324
YouTube,3250,51.094438,172.30.1.250,172.30.1.1,QUIC,1324
YouTube,3251,51.094512,172.30.1.250,172.30.1.1,QUIC,1324
YouTube,3252,51.094586,172.30.1.250,172.30.1.1,QUIC,1324
YouTube,3253,51.098899,172.30.1.250,172.30.1.1,QUIC,1324
YouTube,3254,51.099011,172.30.1.250,172.30.1.1,QUIC,1324
YouTube,3255,51.099161,172.30.1.250,172.30.1.1,QUIC,1324
YouTube,3256,51.09921,172.30.1.250,172.30.1.1,QUIC,1324
YouTube,3257,51.099254,172.30.1.250,172.30.1.1,QUIC,1324
YouTube,3258,51.099295,172.30.1.250,172.30.1.1,QUIC,1324
YouTube,3259,51.099336,172.30.1.250,172.30.1.1,QUIC,1324
YouTube,3260,51.099377,172.30.1.250,172.30.1.1,QUIC,1324
YouTube,3261,51.099419,172.30.1.250,172.30.1.1,QUIC,1324
YouTube,3262,51.09946,172.30.1.250,172.30.1.1,QUIC,1324
YouTube,3263,51.099502,172.30.1.250,172.30.1.1,QUIC,1324
YouTube,3264,51.099544,172.30.1.250,172.30.1.1,QUIC,1324
YouTube,3265,51.099586,172.30.1.250,172.30.1.1,QUIC,1324
YouTube,3266,51.099628,172.30.1.250,172.30.1.1,QUIC,1324
YouTube,3267,51.099669,172.30.1.250,172.30.1.1,QUIC,1324
YouTube,3268,51.099711,172.30.1.250,172.30.1.1,QUIC,1324
YouTube,3269,51.099752,172.30.1.250,172.30.1.1,QUIC,1324
YouTube,3270,51.100662,172.30.1.250,172.30.1.1,QUIC,1324
YouTube,3271,51.104013,172.30.1.1,172.30.1.250,QUIC,108
YouTube,3272,51.11121,172.30.1.250,172.30.1.1,QUIC,1324
YouTube,3273,51.111464,172.30.1.250,172.30.1.1,QUIC,1324
YouTube,3274,51.111575,172.30.1.250,172.30.1.1,QUIC,1324
YouTube,3275,51.111675,172.30.1.250,172.30.1.1,QUIC,1324
YouTube,3276,51.111772,172.30.1.250,172.30.1.1,QUIC,1324
YouTube,3277,51.111869,172.30.1.250,172.30.1.1,QUIC,1324
YouTube,3278,51.111964,172.30.1.250,172.30.1.1,QUIC,1324
YouTube,3279,51.115277,172.30.1.250,172.30.1.1,QUIC,1324
YouTube,3280,51.115363,172.30.1.250,172.30.1.1,QUIC,1324
YouTube,3281,51.115412,172.30.1.250,172.30.1.1,QUIC,1324
YouTube,3282,51.115455,172.30.1.250,172.30.1.1,QUIC,1324
YouTube,3283,51.118434,172.30.1.250,172.30.1.1,QUIC,1324
YouTube,3284,51.118559,172.30.1.250,172.30.1.1,QUIC,1324
YouTube,3285,51.118628,172.30.1.250,172.30.1.1,QUIC,1324
YouTube,3286,51.118689,172.30.1.250,172.30.1.1,QUIC,1324
YouTube,3287,51.124781,172.30.1.1,172.30.1.250,QUIC,108
YouTube,3288,51.125332,172.30.1.250,172.30.1.1,QUIC,1324
YouTube,3289,51.125558,172.30.1.250,172.30.1.1,QUIC,1324
YouTube,3290,51.125669,172.30.1.250,172.30.1.1,QUIC,1324
YouTube,3291,51.125772,172.30.1.250,172.30.1.1,QUIC,1324
YouTube,3292,51.133651,172.30.1.250,172.30.1.1,QUIC,1324
YouTube,3293,51.134318,172.30.1.250,172.30.1.1,QUIC,1324
YouTube,3294,51.13444,172.30.1.250,172.30.1.1,QUIC,1324
YouTube,3295,51.134543,172.30.1.250,172.30.1.1,QUIC,1324
YouTube,3296,51.136744,172.30.1.250,172.30.1.1,QUIC,1324
YouTube,3297,51.136878,172.30.1.250,172.30.1.1,QUIC,1324
YouTube,3298,51.136981,172.30.1.250,172.30.1.1,QUIC,1324
YouTube,3299,51.13708,172.30.1.250,172.30.1.1,QUIC,1324
YouTube,3300,51.138677,172.30.1.1,172.30.1.250,QUIC,108
YouTube,3301,51.148766,172.30.1.250,172.30.1.1,QUIC,1324
YouTube,3302,51.148984,172.30.1.1,172.30.1.250,QUIC,108
YouTube,3303,51.149376,172.30.1.250,172.30.1.1,QUIC,1324
YouTube,3304,51.149468,172.30.1.250,172.30.1.1,QUIC,1324
YouTube,3305,51.149548,172.30.1.250,172.30.1.1,QUIC,1324
YouTube,3306,51.149624,172.30.1.250,172.30.1.1,QUIC,1324
YouTube,3307,51.149699,172.30.1.250,172.30.1.1,QUIC,1324
YouTube,3308,51.149773,172.30.1.250,172.30.1.1,QUIC,1324
YouTube,3309,51.150669,172.30.1.250,172.30.1.1,QUIC,1324
YouTube,3310,51.154124,172.30.1.250,172.30.1.1,QUIC,1324
YouTube,3311,51.154208,172.30.1.250,172.30.1.1,QUIC,1324
YouTube,3312,51.154256,172.30.1.250,172.30.1.1,QUIC,1324
YouTube,3313,51.154301,172.30.1.250,172.30.1.1,QUIC,1324
YouTube,3314,51.157331,172.30.1.250,172.30.1.1,QUIC,1324
YouTube,3315,51.157531,172.30.1.250,172.30.1.1,QUIC,1324
YouTube,3316,51.157794,172.30.1.250,172.30.1.1,QUIC,1324
YouTube,3317,51.157897,172.30.1.250,172.30.1.1,QUIC,1324
YouTube,3318,51.160649,172.30.1.250,172.30.1.1,QUIC,1324
YouTube,3319,51.16077,172.30.1.250,172.30.1.1,QUIC,1324
YouTube,3320,51.160852,172.30.1.250,172.30.1.1,QUIC,1324
YouTube,3321,51.161139,172.30.1.1,172.30.1.250,QUIC,108
YouTube,3322,51.16154,172.30.1.250,172.30.1.1,QUIC,1324
YouTube,3323,51.169596,172.30.1.250,172.30.1.1,QUIC,1324
YouTube,3324,51.169856,172.30.1.250,172.30.1.1,QUIC,1324
YouTube,3325,51.169971,172.30.1.250,172.30.1.1,QUIC,1324
YouTube,3326,51.170395,172.30.1.250,172.30.1.1,QUIC,1324
YouTube,3327,51.172249,172.30.1.250,172.30.1.1,QUIC,1324
YouTube,3328,51.172485,172.30.1.1,172.30.1.250,QUIC,108
YouTube,3329,51.173398,172.30.1.250,172.30.1.1,QUIC,1324
YouTube,3330,51.173565,172.30.1.250,172.30.1.1,QUIC,1324
YouTube,3331,51.173679,172.30.1.250,172.30.1.1,QUIC,1324
YouTube,3332,51.174948,172.30.1.250,172.30.1.1,QUIC,1324
YouTube,3333,51.17516,172.30.1.250,172.30.1.1,QUIC,1324
YouTube,3334,51.175269,172.30.1.250,172.30.1.1,QUIC,1324
YouTube,3335,51.175369,172.30.1.250,172.30.1.1,QUIC,1324
YouTube,3336,51.183014,172.30.1.250,172.30.1.1,QUIC,1324
YouTube,3337,51.183079,172.30.1.250,172.30.1.1,QUIC,1324
YouTube,3338,51.183137,172.30.1.250,172.30.1.1,QUIC,1324
YouTube,3339,51.183267,172.30.1.1,172.30.1.250,QUIC,108
YouTube,3340,51.186121,172.30.1.250,172.30.1.1,QUIC,1324
YouTube,3341,51.186275,172.30.1.250,172.30.1.1,QUIC,1324
YouTube,3342,51.186361,172.30.1.250,172.30.1.1,QUIC,1324
YouTube,3343,51.186442,172.30.1.250,172.30.1.1,QUIC,1324
YouTube,3344,51.186518,172.30.1.250,172.30.1.1,QUIC,1324
YouTube,3345,51.194597,172.30.1.1,172.30.1.250,QUIC,108
YouTube,3346,51.195186,172.30.1.250,172.30.1.1,QUIC,1324
YouTube,3347,51.195408,172.30.1.250,172.30.1.1,QUIC,1324
YouTube,3348,51.19552,172.30.1.250,172.30.1.1,QUIC,1324
YouTube,3349,51.195623,172.30.1.250,172.30.1.1,QUIC,1324
YouTube,3350,51.19572,172.30.1.250,172.30.1.1,QUIC,1324
YouTube,3351,51.195818,172.30.1.250,172.30.1.1,QUIC,1324
YouTube,3352,51.19596,172.30.1.250,172.30.1.1,QUIC,1324
YouTube,3353,51.196066,172.30.1.250,172.30.1.1,QUIC,1324
YouTube,3354,51.20574,172.30.1.250,172.30.1.1,QUIC,1324
YouTube,3355,51.205944,172.30.1.250,172.30.1.1,QUIC,1324
YouTube,3356,51.206058,172.30.1.250,172.30.1.1,QUIC,1324
YouTube,3357,51.20616,172.30.1.250,172.30.1.1,QUIC,1324
YouTube,3358,51.206897,172.30.1.1,172.30.1.250,QUIC,108
YouTube,3359,51.209116,172.30.1.250,172.30.1.1,QUIC,1324
YouTube,3360,51.209327,172.30.1.250,172.30.1.1,QUIC,1324
YouTube,3361,51.209414,172.30.1.250,172.30.1.1,QUIC,1324
YouTube,3362,51.209492,172.30.1.250,172.30.1.1,QUIC,1324
YouTube,3363,51.211733,172.30.1.250,172.30.1.1,QUIC,1324
YouTube,3364,51.211884,172.30.1.250,172.30.1.1,QUIC,1324
YouTube,3365,51.211967,172.30.1.250,172.30.1.1,QUIC,1324
YouTube,3366,51.212045,172.30.1.250,172.30.1.1,QUIC,1324
YouTube,3367,51.21733,172.30.1.1,172.30.1.250,QUIC,108
YouTube,3368,51.217681,172.30.1.250,172.30.1.1,QUIC,1324
YouTube,3369,51.217937,172.30.1.250,172.30.1.1,QUIC,1324
YouTube,3370,51.218045,172.30.1.250,172.30.1.1,QUIC,1324
YouTube,3371,51.218146,172.30.1.250,172.30.1.1,QUIC,1324
YouTube,3372,51.221122,172.30.1.250,172.30.1.1,QUIC,1324
YouTube,3373,51.221297,172.30.1.250,172.30.1.1,QUIC,1324
YouTube,3374,51.223959,172.30.1.250,172.30.1.1,QUIC,1324
YouTube,3375,51.22416,172.30.1.250,172.30.1.1,QUIC,1324
YouTube,3376,51.227105,172.30.1.250,172.30.1.1,QUIC,1324
YouTube,3377,51.227291,172.30.1.250,172.30.1.1,QUIC,1324
YouTube,3378,51.227399,172.30.1.250,172.30.1.1,QUIC,1324
YouTube,3379,51.2275,172.30.1.250,172.30.1.1,QUIC,1324
YouTube,3380,51.228335,172.30.1.1,172.30.1.250,QUIC,108
YouTube,3381,51.230196,172.30.1.250,172.30.1.1,QUIC,1324
YouTube,3382,51.230355,172.30.1.250,172.30.1.1,QUIC,1324
YouTube,3383,51.233454,172.30.1.250,172.30.1.1,QUIC,1324
YouTube,3384,51.233664,172.30.1.250,172.30.1.1,QUIC,1324
YouTube,3385,51.233775,172.30.1.250,172.30.1.1,QUIC,1324
YouTube,3386,51.233876,172.30.1.250,172.30.1.1,QUIC,1324
YouTube,3387,51.233976,172.30.1.250,172.30.1.1,QUIC,1324
YouTube,3388,51.234072,172.30.1.250,172.30.1.1,QUIC,1324
YouTube,3389,51.236352,172.30.1.250,172.30.1.1,QUIC,1324
YouTube,3390,51.236636,172.30.1.250,172.30.1.1,QUIC,1324
YouTube,3391,51.236752,172.30.1.250,172.30.1.1,QUIC,1324
YouTube,3392,51.236855,172.30.1.250,172.30.1.1,QUIC,1324
YouTube,3393,51.239379,172.30.1.250,172.30.1.1,QUIC,1324
YouTube,3394,51.239575,172.30.1.250,172.30.1.1,QUIC,1324
YouTube,3395,51.239688,172.30.1.250,172.30.1.1,QUIC,1324
YouTube,3396,51.239791,172.30.1.250,172.30.1.1,QUIC,1324
YouTube,3397,51.240878,172.30.1.1,172.30.1.250,QUIC,108
YouTube,3398,51.24718,172.30.1.250,172.30.1.1,QUIC,1324
YouTube,3399,51.247432,172.30.1.250,172.30.1.1,QUIC,1324
YouTube,3400,51.247604,172.30.1.250,172.30.1.1,QUIC,1324
YouTube,3401,51.247713,172.30.1.250,172.30.1.1,QUIC,1324
YouTube,3402,51.247814,172.30.1.250,172.30.1.1,QUIC,1324
YouTube,3403,51.248032,172.30.1.250,172.30.1.1,QUIC,1324
YouTube,3404,51.248136,172.30.1.250,172.30.1.1,QUIC,1324
YouTube,3405,51.248238,172.30.1.250,172.30.1.1,QUIC,1324
YouTube,3406,51.250378,172.30.1.250,172.30.1.1,QUIC,1324
YouTube,3407,51.250482,172.30.1.250,172.30.1.1,QUIC,1324
YouTube,3408,51.258289,172.30.1.250,172.30.1.1,QUIC,1324
YouTube,3409,51.258451,172.30.1.250,172.30.1.1,QUIC,1324
YouTube,3410,51.258773,172.30.1.1,172.30.1.250,QUIC,108
YouTube,3411,51.261436,172.30.1.250,172.30.1.1,QUIC,1324
YouTube,3412,51.261642,172.30.1.250,172.30.1.1,QUIC,1324
YouTube,3413,51.261753,172.30.1.250,172.30.1.1,QUIC,1324
YouTube,3414,51.261855,172.30.1.250,172.30.1.1,QUIC,1324
YouTube,3415,51.265708,172.30.1.250,172.30.1.1,QUIC,1324
YouTube,3416,51.266013,172.30.1.250,172.30.1.1,QUIC,1324
YouTube,3417,51.266339,172.30.1.250,172.30.1.1,QUIC,1324
YouTube,3418,51.266544,172.30.1.250,172.30.1.1,QUIC,1324
YouTube,3419,51.268188,172.30.1.250,172.30.1.1,QUIC,1324
YouTube,3420,51.268585,172.30.1.250,172.30.1.1,QUIC,1324
YouTube,3421,51.26896,172.30.1.250,172.30.1.1,QUIC,1324
YouTube,3422,51.269189,172.30.1.250,172.30.1.1,QUIC,1324
YouTube,3423,51.270362,172.30.1.1,172.30.1.250,QUIC,108
YouTube,3424,51.276125,172.30.1.250,172.30.1.1,QUIC,1324
YouTube,3425,51.276301,172.30.1.250,172.30.1.1,QUIC,1324
YouTube,3426,51.276394,172.30.1.250,172.30.1.1,QUIC,1324
YouTube,3427,51.27652,172.30.1.250,172.30.1.1,QUIC,1324
YouTube,3428,51.281234,172.30.1.1,172.30.1.250,QUIC,108
YouTube,3429,51.282586,172.30.1.250,172.30.1.1,QUIC,1324
YouTube,3430,51.286172,172.30.1.250,172.30.1.1,QUIC,1324
YouTube,3431,51.286362,172.30.1.250,172.30.1.1,QUIC,1324
YouTube,3432,51.286486,172.30.1.250,172.30.1.1,QUIC,1324
YouTube,3433,51.289897,172.30.1.250,172.30.1.1,QUIC,1324
YouTube,3434,51.290126,172.30.1.250,172.30.1.1,QUIC,1324
YouTube,3435,51.29024,172.30.1.250,172.30.1.1,QUIC,1324
YouTube,3436,51.290343,172.30.1.250,172.30.1.1,QUIC,1324
YouTube,3437,51.292287,172.30.1.250,172.30.1.1,QUIC,1324
YouTube,3438,51.292946,172.30.1.250,172.30.1.1,QUIC,1324
YouTube,3439,51.293105,172.30.1.250,172.30.1.1,QUIC,1324
YouTube,3440,51.293214,172.30.1.250,172.30.1.1,QUIC,1324
YouTube,3441,51.293988,172.30.1.1,172.30.1.250,QUIC,108
YouTube,3442,51.29558,172.30.1.250,172.30.1.1,QUIC,1324
YouTube,3443,51.298222,172.30.1.250,172.30.1.1,QUIC,1324
YouTube,3444,51.298386,172.30.1.250,172.30.1.1,QUIC,1324
YouTube,3445,51.298478,172.30.1.250,172.30.1.1,QUIC,1324
YouTube,3446,51.301635,172.30.1.250,172.30.1.1,QUIC,1324
YouTube,3447,51.301825,172.30.1.250,172.30.1.1,QUIC,1324
YouTube,3448,51.301922,172.30.1.250,172.30.1.1,QUIC,1324
YouTube,3449,51.301984,172.30.1.250,172.30.1.1,QUIC,1324
YouTube,3450,51.304892,172.30.1.250,172.30.1.1,QUIC,1324
YouTube,3451,51.30501,172.30.1.250,172.30.1.1,QUIC,1324
YouTube,3452,51.305122,172.30.1.250,172.30.1.1,QUIC,1324
YouTube,3453,51.305206,172.30.1.250,172.30.1.1,QUIC,1324
YouTube,3454,51.305268,172.30.1.250,172.30.1.1,QUIC,1324
YouTube,3455,51.305324,172.30.1.250,172.30.1.1,QUIC,1324
YouTube,3456,51.305387,172.30.1.1,172.30.1.250,QUIC,108
YouTube,3457,51.305675,172.30.1.250,172.30.1.1,QUIC,1324
YouTube,3458,51.305769,172.30.1.250,172.30.1.1,QUIC,1324
YouTube,3459,51.310579,172.30.1.250,172.30.1.1,QUIC,1324
YouTube,3460,51.310761,172.30.1.250,172.30.1.1,QUIC,1324
YouTube,3461,51.310854,172.30.1.250,172.30.1.1,QUIC,1324
YouTube,3462,51.313386,172.30.1.250,172.30.1.1,QUIC,1324
YouTube,3463,51.316901,172.30.1.250,172.30.1.1,QUIC,1324
YouTube,3464,51.317026,172.30.1.250,172.30.1.1,QUIC,1324
YouTube,3465,51.31711,172.30.1.250,172.30.1.1,QUIC,1324
YouTube,3466,51.317168,172.30.1.250,172.30.1.1,QUIC,1324
YouTube,3467,51.318217,172.30.1.1,172.30.1.250,QUIC,108
YouTube,3468,51.322106,172.30.1.250,172.30.1.1,QUIC,1324
YouTube,3469,51.322349,172.30.1.250,172.30.1.1,QUIC,1324
YouTube,3470,51.322584,172.30.1.250,172.30.1.1,QUIC,1324
YouTube,3471,51.322707,172.30.1.250,172.30.1.1,QUIC,1324
YouTube,3472,51.326371,172.30.1.250,172.30.1.1,QUIC,1324
YouTube,3473,51.326657,172.30.1.250,172.30.1.1,QUIC,1324
YouTube,3474,51.326757,172.30.1.250,172.30.1.1,QUIC,1324
YouTube,3475,51.326844,172.30.1.250,172.30.1.1,QUIC,1324
YouTube,3476,51.326924,172.30.1.250,172.30.1.1,QUIC,1324
YouTube,3477,51.327005,172.30.1.250,172.30.1.1,QUIC,1324
YouTube,3478,51.328146,172.30.1.1,172.30.1.250,QUIC,112
YouTube,3479,51.329448,172.30.1.250,172.30.1.1,QUIC,1324
YouTube,3480,51.329683,172.30.1.250,172.30.1.1,QUIC,1324
YouTube,3481,51.33216,172.30.1.250,172.30.1.1,QUIC,1324
YouTube,3482,51.332314,172.30.1.250,172.30.1.1,QUIC,1324
YouTube,3483,51.332401,172.30.1.250,172.30.1.1,QUIC,1324
YouTube,3484,51.332536,172.30.1.250,172.30.1.1,QUIC,1324
YouTube,3485,51.335124,172.30.1.250,172.30.1.1,QUIC,1324
YouTube,3486,51.335283,172.30.1.250,172.30.1.1,QUIC,1324
YouTube,3487,51.335413,172.30.1.250,172.30.1.1,QUIC,1324
YouTube,3488,51.335502,172.30.1.250,172.30.1.1,QUIC,1324
YouTube,3489,51.338383,172.30.1.250,172.30.1.1,QUIC,1324
YouTube,3490,51.338566,172.30.1.250,172.30.1.1,QUIC,1324
YouTube,3491,51.338655,172.30.1.250,172.30.1.1,QUIC,1324
YouTube,3492,51.338737,172.30.1.250,172.30.1.1,QUIC,1324
YouTube,3493,51.34148,172.30.1.1,172.30.1.250,QUIC,108
YouTube,3494,51.341949,172.30.1.250,172.30.1.1,QUIC,1324
YouTube,3495,51.342124,172.30.1.250,172.30.1.1,QUIC,1324
YouTube,3496,51.342212,172.30.1.250,172.30.1.1,QUIC,1324
YouTube,3497,51.342289,172.30.1.250,172.30.1.1,QUIC,1324
YouTube,3498,51.345012,172.30.1.250,172.30.1.1,QUIC,1324
YouTube,3499,51.346132,172.30.1.250,172.30.1.1,QUIC,1324
YouTube,3500,51.346296,172.30.1.250,172.30.1.1,QUIC,1324
YouTube,3501,51.346387,172.30.1.250,172.30.1.1,QUIC,1324
YouTube,3502,51.350314,172.30.1.250,172.30.1.1,QUIC,1324
YouTube,3503,51.350995,172.30.1.250,172.30.1.1,QUIC,1324
YouTube,3504,51.351539,172.30.1.250,172.30.1.1,QUIC,1324
YouTube,3505,51.351684,172.30.1.250,172.30.1.1,QUIC,1324
YouTube,3506,51.353011,172.30.1.1,172.30.1.250,QUIC,108
YouTube,3507,51.354762,172.30.1.250,172.30.1.1,QUIC,1324
YouTube,3508,51.354997,172.30.1.250,172.30.1.1,QUIC,1324
YouTube,3509,51.355109,172.30.1.250,172.30.1.1,QUIC,1324
YouTube,3510,51.355212,172.30.1.250,172.30.1.1,QUIC,1324
YouTube,3511,51.359624,172.30.1.250,172.30.1.1,QUIC,1324
YouTube,3512,51.35981,172.30.1.250,172.30.1.1,QUIC,1324
YouTube,3513,51.359919,172.30.1.250,172.30.1.1,QUIC,1324
YouTube,3514,51.360018,172.30.1.250,172.30.1.1,QUIC,1324
YouTube,3515,51.364629,172.30.1.250,172.30.1.1,QUIC,1324
YouTube,3516,51.364784,172.30.1.250,172.30.1.1,QUIC,1324
YouTube,3517,51.364905,172.30.1.250,172.30.1.1,QUIC,772
YouTube,3518,51.366421,172.30.1.1,172.30.1.250,QUIC,108
YouTube,3519,51.367762,172.30.1.250,172.30.1.1,QUIC,1324
YouTube,3520,51.367933,172.30.1.250,172.30.1.1,QUIC,1324
YouTube,3521,51.368021,172.30.1.250,172.30.1.1,QUIC,1324
YouTube,3522,51.368099,172.30.1.250,172.30.1.1,QUIC,1324
YouTube,3523,51.368179,172.30.1.250,172.30.1.1,QUIC,1324
YouTube,3524,51.371073,172.30.1.250,172.30.1.1,QUIC,1324
YouTube,3525,51.371213,172.30.1.250,172.30.1.1,QUIC,1324
YouTube,3526,51.371298,172.30.1.250,172.30.1.1,QUIC,1324
YouTube,3527,51.371376,172.30.1.250,172.30.1.1,QUIC,1324
YouTube,3528,51.377247,172.30.1.1,172.30.1.250,QUIC,108
YouTube,3529,51.377659,172.30.1.250,172.30.1.1,QUIC,1324
YouTube,3530,51.377772,172.30.1.250,172.30.1.1,QUIC,1324
YouTube,3531,51.377824,172.30.1.250,172.30.1.1,QUIC,1324
YouTube,3532,51.377869,172.30.1.250,172.30.1.1,QUIC,1324
YouTube,3533,51.377913,172.30.1.250,172.30.1.1,QUIC,1324
YouTube,3534,51.377958,172.30.1.250,172.30.1.1,QUIC,1324
YouTube,3535,51.378002,172.30.1.250,172.30.1.1,QUIC,1324
YouTube,3536,51.378046,172.30.1.250,172.30.1.1,QUIC,1324
YouTube,3537,51.379879,172.30.1.250,172.30.1.1,QUIC,1324
YouTube,3538,51.379991,172.30.1.250,172.30.1.1,QUIC,1324
YouTube,3539,51.38004,172.30.1.250,172.30.1.1,QUIC,1324
YouTube,3540,51.380083,172.30.1.250,172.30.1.1,QUIC,1324
YouTube,3541,51.383093,172.30.1.250,172.30.1.1,QUIC,1324
YouTube,3542,51.383281,172.30.1.250,172.30.1.1,QUIC,1324
YouTube,3543,51.384832,172.30.1.1,172.30.1.250,QUIC,904
YouTube,3544,51.385021,172.30.1.1,172.30.1.250,QUIC,1320
YouTube,3545,51.385088,172.30.1.1,172.30.1.250,QUIC,544
YouTube,3546,51.38578,172.30.1.250,172.30.1.1,QUIC,1324
YouTube,3547,51.388942,172.30.1.250,172.30.1.1,QUIC,1324
YouTube,3548,51.389048,172.30.1.250,172.30.1.1,QUIC,1324
YouTube,3549,51.389105,172.30.1.250,172.30.1.1,QUIC,1324
YouTube,3550,51.389148,172.30.1.250,172.30.1.1,QUIC,1324
YouTube,3551,51.389188,172.30.1.250,172.30.1.1,QUIC,1324
YouTube,3552,51.391916,172.30.1.250,172.30.1.1,QUIC,1324
YouTube,3553,51.395393,172.30.1.250,172.30.1.1,QUIC,1324
YouTube,3554,51.395477,172.30.1.250,172.30.1.1,QUIC,1324
YouTube,3555,51.395531,172.30.1.250,172.30.1.1,QUIC,1324
YouTube,3556,51.395817,172.30.1.1,172.30.1.250,QUIC,108
YouTube,3557,51.398178,172.30.1.250,172.30.1.1,QUIC,1324
YouTube,3558,51.398293,172.30.1.250,172.30.1.1,QUIC,1324
YouTube,3559,51.398344,172.30.1.250,172.30.1.1,QUIC,1324
YouTube,3560,51.398387,172.30.1.250,172.30.1.1,QUIC,1324
YouTube,3561,51.398742,172.30.1.250,172.30.1.1,QUIC,1324
YouTube,3562,51.39882,172.30.1.250,172.30.1.1,QUIC,1324
YouTube,3563,51.398868,172.30.1.250,172.30.1.1,QUIC,1324
YouTube,3564,51.398913,172.30.1.250,172.30.1.1,QUIC,1324
YouTube,3565,51.402516,172.30.1.250,172.30.1.1,QUIC,1324
YouTube,3566,51.402843,172.30.1.250,172.30.1.1,QUIC,1324
YouTube,3567,51.40296,172.30.1.250,172.30.1.1,QUIC,1324
YouTube,3568,51.403045,172.30.1.250,172.30.1.1,QUIC,1324
YouTube,3569,51.404792,172.30.1.250,172.30.1.1,QUIC,1324
YouTube,3570,51.404916,172.30.1.250,172.30.1.1,QUIC,1324
YouTube,3571,51.405,172.30.1.250,172.30.1.1,QUIC,1324
YouTube,3572,51.405078,172.30.1.250,172.30.1.1,QUIC,1324
YouTube,3573,51.405636,172.30.1.1,172.30.1.250,QUIC,108
YouTube,3574,51.412532,172.30.1.250,172.30.1.1,QUIC,1324
YouTube,3575,51.414563,172.30.1.250,172.30.1.1,QUIC,1324
YouTube,3576,51.414672,172.30.1.250,172.30.1.1,QUIC,1324
YouTube,3577,51.41472,172.30.1.250,172.30.1.1,QUIC,1324
YouTube,3578,51.417616,172.30.1.250,172.30.1.1,QUIC,1324
YouTube,3579,51.4177,172.30.1.250,172.30.1.1,QUIC,1324
YouTube,3580,51.417746,172.30.1.250,172.30.1.1,QUIC,1324
YouTube,3581,51.41779,172.30.1.250,172.30.1.1,QUIC,1324
YouTube,3582,51.422695,172.30.1.1,172.30.1.250,QUIC,108
YouTube,3583,51.424326,172.30.1.250,172.30.1.1,QUIC,1324
YouTube,3584,51.424624,172.30.1.250,172.30.1.1,QUIC,1324
YouTube,3585,51.424723,172.30.1.250,172.30.1.1,QUIC,1324
YouTube,3586,51.42479,172.30.1.250,172.30.1.1,QUIC,1324
YouTube,3587,51.428026,172.30.1.250,172.30.1.1,QUIC,1324
YouTube,3588,51.428221,172.30.1.250,172.30.1.1,QUIC,1324
YouTube,3589,51.428583,172.30.1.250,172.30.1.1,QUIC,1324
YouTube,3590,51.428723,172.30.1.250,172.30.1.1,QUIC,1324
YouTube,3591,51.43016,172.30.1.250,172.30.1.1,QUIC,100
YouTube,3592,51.430297,172.30.1.250,172.30.1.1,QUIC,1324
YouTube,3593,51.43053,172.30.1.250,172.30.1.1,QUIC,1324
YouTube,3594,51.430643,172.30.1.250,172.30.1.1,QUIC,1324
YouTube,3595,51.430722,172.30.1.250,172.30.1.1,QUIC,1324
YouTube,3596,51.430802,172.30.1.250,172.30.1.1,QUIC,1324
YouTube,3597,51.43094,172.30.1.250,172.30.1.1,QUIC,1324
YouTube,3598,51.431021,172.30.1.250,172.30.1.1,QUIC,1324
YouTube,3599,51.431081,172.30.1.250,172.30.1.1,QUIC,1324
YouTube,3600,51.433455,172.30.1.250,172.30.1.1,QUIC,1324
YouTube,3601,51.433886,172.30.1.250,172.30.1.1,QUIC,1324
YouTube,3602,51.434006,172.30.1.250,172.30.1.1,QUIC,1324
YouTube,3603,51.434091,172.30.1.250,172.30.1.1,QUIC,1324
YouTube,3604,51.43475,172.30.1.1,172.30.1.250,QUIC,108
YouTube,3605,51.436485,172.30.1.250,172.30.1.1,QUIC,1324
YouTube,3606,51.436667,172.30.1.250,172.30.1.1,QUIC,1324
YouTube,3607,51.436775,172.30.1.250,172.30.1.1,QUIC,1324
YouTube,3608,51.436876,172.30.1.250,172.30.1.1,QUIC,1324
YouTube,3609,51.44495,172.30.1.1,172.30.1.250,QUIC,108
YouTube,3610,51.445566,172.30.1.250,172.30.1.1,QUIC,1324
YouTube,3611,51.44575,172.30.1.250,172.30.1.1,QUIC,1324
YouTube,3612,51.445838,172.30.1.250,172.30.1.1,QUIC,1324
YouTube,3613,51.445897,172.30.1.250,172.30.1.1,QUIC,1324
YouTube,3614,51.44595,172.30.1.250,172.30.1.1,QUIC,1324
YouTube,3615,51.446004,172.30.1.250,172.30.1.1,QUIC,1324
YouTube,3616,51.446057,172.30.1.250,172.30.1.1,QUIC,1324
YouTube,3617,51.446111,172.30.1.250,172.30.1.1,QUIC,1324
YouTube,3618,51.448008,172.30.1.250,172.30.1.1,QUIC,1324
YouTube,3619,51.448119,172.30.1.250,172.30.1.1,QUIC,1324
YouTube,3620,51.448192,172.30.1.250,172.30.1.1,QUIC,1324
YouTube,3621,51.44825,172.30.1.250,172.30.1.1,QUIC,1324
YouTube,3622,51.45028,172.30.1.250,172.30.1.1,QUIC,1324
YouTube,3623,51.453465,172.30.1.250,172.30.1.1,QUIC,1324
YouTube,3624,51.453664,172.30.1.250,172.30.1.1,QUIC,1324
YouTube,3625,51.453745,172.30.1.250,172.30.1.1,QUIC,1324
YouTube,3626,51.454563,172.30.1.1,172.30.1.250,QUIC,108
YouTube,3627,51.457568,172.30.1.250,172.30.1.1,QUIC,1324
YouTube,3628,51.457726,172.30.1.250,172.30.1.1,QUIC,1324
YouTube,3629,51.4578,172.30.1.250,172.30.1.1,QUIC,1324
YouTube,3630,51.459387,172.30.1.1,172.30.1.250,QUIC,112
YouTube,3631,51.461176,172.30.1.250,172.30.1.1,QUIC,1324
YouTube,3632,51.461366,172.30.1.250,172.30.1.1,QUIC,1324
YouTube,3633,51.461457,172.30.1.250,172.30.1.1,QUIC,1324
YouTube,3634,51.461522,172.30.1.250,172.30.1.1,QUIC,1324
YouTube,3635,51.46158,172.30.1.250,172.30.1.1,QUIC,1324
YouTube,3636,51.466511,172.30.1.250,172.30.1.1,QUIC,1324
YouTube,3637,51.466683,172.30.1.250,172.30.1.1,QUIC,1324
YouTube,3638,51.466777,172.30.1.250,172.30.1.1,QUIC,1324
YouTube,3639,51.466836,172.30.1.250,172.30.1.1,QUIC,1324
YouTube,3640,51.467525,172.30.1.1,172.30.1.250,QUIC,108
YouTube,3641,51.467808,172.30.1.250,172.30.1.1,QUIC,1324
YouTube,3642,51.467985,172.30.1.250,172.30.1.1,QUIC,1324
YouTube,3643,51.468073,172.30.1.250,172.30.1.1,QUIC,1324
YouTube,3644,51.468137,172.30.1.250,172.30.1.1,QUIC,1324
YouTube,3645,51.47045,172.30.1.250,172.30.1.1,QUIC,1324
YouTube,3646,51.47059,172.30.1.250,172.30.1.1,QUIC,1324
YouTube,3647,51.470673,172.30.1.250,172.30.1.1,QUIC,1324
YouTube,3648,51.470731,172.30.1.250,172.30.1.1,QUIC,1324
YouTube,3649,51.473356,172.30.1.250,172.30.1.1,QUIC,1324
YouTube,3650,51.473544,172.30.1.250,172.30.1.1,QUIC,1324
YouTube,3651,51.473643,172.30.1.250,172.30.1.1,QUIC,1324
YouTube,3652,51.475722,172.30.1.1,172.30.1.250,QUIC,108
YouTube,3653,51.47663,172.30.1.250,172.30.1.1,QUIC,1324
YouTube,3654,51.476822,172.30.1.250,172.30.1.1,QUIC,1324
YouTube,3655,51.476931,172.30.1.250,172.30.1.1,QUIC,1324
YouTube,3656,51.477034,172.30.1.250,172.30.1.1,QUIC,1324
YouTube,3657,51.477134,172.30.1.250,172.30.1.1,QUIC,1324
YouTube,3658,51.480051,172.30.1.250,172.30.1.1,QUIC,1324
YouTube,3659,51.480151,172.30.1.250,172.30.1.1,QUIC,1324
YouTube,3660,51.4802,172.30.1.250,172.30.1.1,QUIC,1324
YouTube,3661,51.480247,172.30.1.250,172.30.1.1,QUIC,1324
YouTube,3662,51.483182,172.30.1.250,172.30.1.1,QUIC,1324
YouTube,3663,51.48329,172.30.1.250,172.30.1.1,QUIC,1324
YouTube,3664,51.483374,172.30.1.250,172.30.1.1,QUIC,1324
YouTube,3665,51.483452,172.30.1.250,172.30.1.1,QUIC,1324
YouTube,3666,51.484741,172.30.1.1,172.30.1.250,QUIC,112
YouTube,3667,51.485,172.30.1.1,172.30.1.250,QUIC,108
YouTube,3668,51.486033,172.30.1.250,172.30.1.1,QUIC,1324
YouTube,3669,51.489223,172.30.1.250,172.30.1.1,QUIC,1324
YouTube,3670,51.489372,172.30.1.250,172.30.1.1,QUIC,1324
YouTube,3671,51.489457,172.30.1.250,172.30.1.1,QUIC,1324
YouTube,3672,51.497002,172.30.1.1,172.30.1.250,QUIC,108
YouTube,3673,51.497459,172.30.1.250,172.30.1.1,QUIC,1324
YouTube,3674,51.49766,172.30.1.250,172.30.1.1,QUIC,1324
YouTube,3675,51.497748,172.30.1.250,172.30.1.1,QUIC,1324
YouTube,3676,51.497828,172.30.1.250,172.30.1.1,QUIC,1324
YouTube,3677,51.497903,172.30.1.250,172.30.1.1,QUIC,1324
YouTube,3678,51.498039,172.30.1.250,172.30.1.1,QUIC,1324
YouTube,3679,51.498532,172.30.1.250,172.30.1.1,QUIC,1324
YouTube,3680,51.498621,172.30.1.250,172.30.1.1,QUIC,1324
YouTube,3681,51.498698,172.30.1.250,172.30.1.1,QUIC,1324
YouTube,3682,51.498774,172.30.1.250,172.30.1.1,QUIC,1324
YouTube,3683,51.498849,172.30.1.250,172.30.1.1,QUIC,1324
YouTube,3684,51.498923,172.30.1.250,172.30.1.1,QUIC,1324
YouTube,3685,51.502167,172.30.1.250,172.30.1.1,QUIC,1324
YouTube,3686,51.502406,172.30.1.250,172.30.1.1,QUIC,616
YouTube,3687,51.502511,172.30.1.250,172.30.1.1,QUIC,1324
YouTube,3688,51.502609,172.30.1.250,172.30.1.1,QUIC,1324
YouTube,3689,51.506144,172.30.1.250,172.30.1.1,QUIC,1324
YouTube,3690,51.506314,172.30.1.250,172.30.1.1,QUIC,1324
YouTube,3691,51.506421,172.30.1.250,172.30.1.1,QUIC,1324
YouTube,3692,51.506521,172.30.1.250,172.30.1.1,QUIC,1324
YouTube,3693,51.507637,172.30.1.1,172.30.1.250,QUIC,108
YouTube,3694,51.508974,172.30.1.250,172.30.1.1,QUIC,1324
YouTube,3695,51.509171,172.30.1.250,172.30.1.1,QUIC,1324
YouTube,3696,51.50928,172.30.1.250,172.30.1.1,QUIC,1324
YouTube,3697,51.509381,172.30.1.250,172.30.1.1,QUIC,1324
YouTube,3698,51.515706,172.30.1.1,172.30.1.250,QUIC,108
YouTube,3699,51.519098,172.30.1.250,172.30.1.1,QUIC,1324
YouTube,3700,51.51932,172.30.1.250,172.30.1.1,QUIC,1324
YouTube,3701,51.519431,172.30.1.250,172.30.1.1,QUIC,1324
YouTube,3702,51.519533,172.30.1.250,172.30.1.1,QUIC,1324
YouTube,3703,51.519635,172.30.1.250,172.30.1.1,QUIC,1324
YouTube,3704,51.519896,172.30.1.250,172.30.1.1,QUIC,1324
YouTube,3705,51.520009,172.30.1.250,172.30.1.1,QUIC,1324
YouTube,3706,51.520109,172.30.1.250,172.30.1.1,QUIC,1324
YouTube,3707,51.52021,172.30.1.250,172.30.1.1,QUIC,1324
YouTube,3708,51.520311,172.30.1.250,172.30.1.1,QUIC,1324
YouTube,3709,51.520407,172.30.1.250,172.30.1.1,QUIC,1324
YouTube,3710,51.520578,172.30.1.250,172.30.1.1,QUIC,1324
YouTube,3711,51.522912,172.30.1.250,172.30.1.1,QUIC,1324
YouTube,3712,51.523061,172.30.1.250,172.30.1.1,QUIC,1324
YouTube,3713,51.523147,172.30.1.250,172.30.1.1,QUIC,1324
YouTube,3714,51.523227,172.30.1.250,172.30.1.1,QUIC,1324
YouTube,3715,51.523305,172.30.1.250,172.30.1.1,QUIC,1324
YouTube,3716,51.523382,172.30.1.250,172.30.1.1,QUIC,1324
YouTube,3717,51.52346,172.30.1.250,172.30.1.1,QUIC,1324
YouTube,3718,51.523539,172.30.1.250,172.30.1.1,QUIC,1324
YouTube,3719,51.537482,172.30.1.1,172.30.1.250,QUIC,108
YouTube,3720,51.537962,172.30.1.1,172.30.1.250,QUIC,888
YouTube,3721,51.538147,172.30.1.1,172.30.1.250,QUIC,1320
YouTube,3722,51.538316,172.30.1.1,172.30.1.250,QUIC,544
YouTube,3723,51.538498,172.30.1.250,172.30.1.1,QUIC,1324
YouTube,3724,51.538672,172.30.1.250,172.30.1.1,QUIC,1324
YouTube,3725,51.538763,172.30.1.250,172.30.1.1,QUIC,1324
YouTube,3726,51.538846,172.30.1.250,172.30.1.1,QUIC,1324
YouTube,3727,51.53897,172.30.1.250,172.30.1.1,QUIC,1324
YouTube,3728,51.53906,172.30.1.250,172.30.1.1,QUIC,1324
YouTube,3729,51.539141,172.30.1.250,172.30.1.1,QUIC,1324
YouTube,3730,51.539223,172.30.1.250,172.30.1.1,QUIC,1324
YouTube,3731,51.539392,172.30.1.250,172.30.1.1,QUIC,1324
YouTube,3732,51.53952,172.30.1.250,172.30.1.1,QUIC,1324
YouTube,3733,51.539875,172.30.1.250,172.30.1.1,QUIC,1324
YouTube,3734,51.54008,172.30.1.250,172.30.1.1,QUIC,1324
YouTube,3735,51.540191,172.30.1.250,172.30.1.1,QUIC,1324
YouTube,3736,51.540296,172.30.1.250,172.30.1.1,QUIC,1324
YouTube,3737,51.5404,172.30.1.250,172.30.1.1,QUIC,1324
YouTube,3738,51.540719,172.30.1.250,172.30.1.1,QUIC,1324
YouTube,3739,51.540839,172.30.1.250,172.30.1.1,QUIC,1324
YouTube,3740,51.540944,172.30.1.250,172.30.1.1,QUIC,1324
YouTube,3741,51.541049,172.30.1.250,172.30.1.1,QUIC,1324
YouTube,3742,51.541153,172.30.1.250,172.30.1.1,QUIC,1324
YouTube,3743,51.542451,172.30.1.250,172.30.1.1,QUIC,1324
YouTube,3744,51.542626,172.30.1.250,172.30.1.1,QUIC,1324
YouTube,3745,51.542732,172.30.1.250,172.30.1.1,QUIC,1324
YouTube,3746,51.542831,172.30.1.250,172.30.1.1,QUIC,1324
YouTube,3747,51.547048,172.30.1.1,172.30.1.250,QUIC,108
YouTube,3748,51.555712,172.30.1.250,172.30.1.1,QUIC,1324
YouTube,3749,51.5559,172.30.1.250,172.30.1.1,QUIC,1324
YouTube,3750,51.555995,172.30.1.250,172.30.1.1,QUIC,1324
YouTube,3751,51.556061,172.30.1.250,172.30.1.1,QUIC,1324
YouTube,3752,51.55612,172.30.1.250,172.30.1.1,QUIC,1324
YouTube,3753,51.556176,172.30.1.250,172.30.1.1,QUIC,1324
YouTube,3754,51.556231,172.30.1.250,172.30.1.1,QUIC,1324
YouTube,3755,51.556287,172.30.1.250,172.30.1.1,QUIC,1324
YouTube,3756,51.558248,172.30.1.250,172.30.1.1,QUIC,1324
YouTube,3757,51.558464,172.30.1.250,172.30.1.1,QUIC,1324
YouTube,3758,51.558577,172.30.1.250,172.30.1.1,QUIC,1324
YouTube,3759,51.558682,172.30.1.250,172.30.1.1,QUIC,1324
YouTube,3760,51.561696,172.30.1.250,172.30.1.1,QUIC,1324
YouTube,3761,51.561861,172.30.1.250,172.30.1.1,QUIC,1324
YouTube,3762,51.561949,172.30.1.250,172.30.1.1,QUIC,1324
YouTube,3763,51.562028,172.30.1.250,172.30.1.1,QUIC,1324
YouTube,3764,51.565304,172.30.1.1,172.30.1.250,QUIC,108
YouTube,3765,51.572339,172.30.1.250,172.30.1.1,QUIC,1324
YouTube,3766,51.572734,172.30.1.250,172.30.1.1,QUIC,1324
YouTube,3767,51.572853,172.30.1.250,172.30.1.1,QUIC,1324
YouTube,3768,51.572957,172.30.1.250,172.30.1.1,QUIC,1324
YouTube,3769,51.573059,172.30.1.250,172.30.1.1,QUIC,1324
YouTube,3770,51.573158,172.30.1.250,172.30.1.1,QUIC,1324
YouTube,3771,51.573254,172.30.1.250,172.30.1.1,QUIC,1324
YouTube,3772,51.57335,172.30.1.250,172.30.1.1,QUIC,1324
YouTube,3773,51.574893,172.30.1.250,172.30.1.1,QUIC,1324
YouTube,3774,51.57502,172.30.1.250,172.30.1.1,QUIC,1324
YouTube,3775,51.575121,172.30.1.250,172.30.1.1,QUIC,1324
YouTube,3776,51.575221,172.30.1.250,172.30.1.1,QUIC,1324
YouTube,3777,51.578108,172.30.1.250,172.30.1.1,QUIC,1324
YouTube,3778,51.57841,172.30.1.250,172.30.1.1,QUIC,1324
YouTube,3779,51.578528,172.30.1.250,172.30.1.1,QUIC,1324
YouTube,3780,51.578634,172.30.1.250,172.30.1.1,QUIC,1324
YouTube,3781,51.581125,172.30.1.250,172.30.1.1,QUIC,1324
YouTube,3782,51.581304,172.30.1.250,172.30.1.1,QUIC,1324
YouTube,3783,51.581411,172.30.1.250,172.30.1.1,QUIC,1324
YouTube,3784,51.581512,172.30.1.250,172.30.1.1,QUIC,1324
YouTube,3785,51.582393,172.30.1.1,172.30.1.250,QUIC,108
YouTube,3786,51.583972,172.30.1.250,172.30.1.1,QUIC,100
YouTube,3787,51.587406,172.30.1.250,172.30.1.1,QUIC,1324
YouTube,3788,51.587569,172.30.1.250,172.30.1.1,QUIC,1324
YouTube,3789,51.587656,172.30.1.250,172.30.1.1,QUIC,1324
YouTube,3790,51.587734,172.30.1.250,172.30.1.1,QUIC,1324
YouTube,3791,51.590827,172.30.1.1,172.30.1.250,QUIC,108
YouTube,3792,51.612012,172.30.1.250,172.30.1.1,QUIC,1324
YouTube,3793,51.612303,172.30.1.250,172.30.1.1,QUIC,1324
YouTube,3794,51.612414,172.30.1.250,172.30.1.1,QUIC,1324
YouTube,3795,51.612601,172.30.1.250,172.30.1.1,QUIC,1324
YouTube,3796,51.620858,172.30.1.250,172.30.1.1,QUIC,1324
YouTube,3797,51.621251,172.30.1.250,172.30.1.1,QUIC,1324
YouTube,3798,51.621488,172.30.1.250,172.30.1.1,QUIC,1324
YouTube,3799,51.622193,172.30.1.1,172.30.1.250,QUIC,112
YouTube,3800,51.62273,172.30.1.1,172.30.1.250,QUIC,112
YouTube,3801,51.622946,172.30.1.1,172.30.1.250,QUIC,112
YouTube,3802,51.623153,172.30.1.250,172.30.1.1,QUIC,1324
YouTube,3803,51.623402,172.30.1.250,172.30.1.1,QUIC,1324
YouTube,3804,51.623513,172.30.1.250,172.30.1.1,QUIC,1324
YouTube,3805,51.623981,172.30.1.250,172.30.1.1,QUIC,1324
YouTube,3806,51.624091,172.30.1.1,172.30.1.250,QUIC,112
YouTube,3807,51.62431,172.30.1.1,172.30.1.250,QUIC,112
YouTube,3808,51.624562,172.30.1.1,172.30.1.250,QUIC,112
YouTube,3809,51.628065,172.30.1.1,172.30.1.250,QUIC,112
YouTube,3810,51.62831,172.30.1.250,172.30.1.1,QUIC,1324
YouTube,3811,51.628688,172.30.1.250,172.30.1.1,QUIC,1324
YouTube,3812,51.628813,172.30.1.250,172.30.1.1,QUIC,1324
YouTube,3813,51.628923,172.30.1.1,172.30.1.250,QUIC,112
YouTube,3814,51.629149,172.30.1.1,172.30.1.250,QUIC,112
YouTube,3815,51.629674,172.30.1.1,172.30.1.250,QUIC,108
YouTube,3816,51.62988,172.30.1.250,172.30.1.1,QUIC,1324
YouTube,3817,51.630114,172.30.1.250,172.30.1.1,QUIC,1324
YouTube,3818,51.630603,172.30.1.250,172.30.1.1,QUIC,1324
YouTube,3819,51.630794,172.30.1.250,172.30.1.1,QUIC,1324
YouTube,3820,51.630911,172.30.1.250,172.30.1.1,QUIC,1324
YouTube,3821,51.631017,172.30.1.250,172.30.1.1,QUIC,1324
YouTube,3822,51.631115,172.30.1.250,172.30.1.1,QUIC,1324
YouTube,3823,51.631218,172.30.1.250,172.30.1.1,QUIC,1324
YouTube,3824,51.631342,172.30.1.250,172.30.1.1,QUIC,1324
YouTube,3825,51.631449,172.30.1.250,172.30.1.1,QUIC,1324
YouTube,3826,51.631549,172.30.1.250,172.30.1.1,QUIC,1324
YouTube,3827,51.631648,172.30.1.250,172.30.1.1,QUIC,1324
YouTube,3828,51.631747,172.30.1.250,172.30.1.1,QUIC,1324
YouTube,3829,51.632397,172.30.1.1,172.30.1.250,QUIC,112
YouTube,3830,51.632692,172.30.1.250,172.30.1.1,QUIC,1324
YouTube,3831,51.632816,172.30.1.250,172.30.1.1,QUIC,1324
YouTube,3832,51.632923,172.30.1.250,172.30.1.1,QUIC,1324
YouTube,3833,51.633034,172.30.1.250,172.30.1.1,QUIC,1324
YouTube,3834,51.633137,172.30.1.250,172.30.1.1,QUIC,1324
YouTube,3835,51.633237,172.30.1.250,172.30.1.1,QUIC,1324
YouTube,3836,51.633337,172.30.1.250,172.30.1.1,QUIC,1324
YouTube,3837,51.633437,172.30.1.250,172.30.1.1,QUIC,1324
YouTube,3838,51.63354,172.30.1.250,172.30.1.1,QUIC,1324
YouTube,3839,51.633943,172.30.1.250,172.30.1.1,QUIC,1324
YouTube,3840,51.634129,172.30.1.250,172.30.1.1,QUIC,1324
YouTube,3841,51.634239,172.30.1.250,172.30.1.1,QUIC,1324
YouTube,3842,51.634341,172.30.1.250,172.30.1.1,QUIC,1324
YouTube,3843,51.634443,172.30.1.250,172.30.1.1,QUIC,1324
YouTube,3844,51.63454,172.30.1.250,172.30.1.1,QUIC,1324
YouTube,3845,51.634638,172.30.1.250,172.30.1.1,QUIC,1324
YouTube,3846,51.640671,172.30.1.250,172.30.1.1,QUIC,1324
YouTube,3847,51.640828,172.30.1.250,172.30.1.1,QUIC,1324
YouTube,3848,51.641086,172.30.1.1,172.30.1.250,QUIC,108
YouTube,3849,51.641356,172.30.1.250,172.30.1.1,QUIC,1324
YouTube,3850,51.641463,172.30.1.250,172.30.1.1,QUIC,1324
YouTube,3851,51.641527,172.30.1.250,172.30.1.1,QUIC,1324
YouTube,3852,51.649295,172.30.1.250,172.30.1.1,QUIC,1324
YouTube,3853,51.650241,172.30.1.250,172.30.1.1,QUIC,1324
YouTube,3854,51.650345,172.30.1.250,172.30.1.1,QUIC,1324
YouTube,3855,51.65043,172.30.1.250,172.30.1.1,QUIC,1324
YouTube,3856,51.650509,172.30.1.250,172.30.1.1,QUIC,1324
YouTube,3857,51.650592,172.30.1.250,172.30.1.1,QUIC,1324
YouTube,3858,51.650673,172.30.1.250,172.30.1.1,QUIC,1324
YouTube,3859,51.650754,172.30.1.250,172.30.1.1,QUIC,1324
YouTube,3860,51.651053,172.30.1.250,172.30.1.1,QUIC,1324
YouTube,3861,51.651156,172.30.1.250,172.30.1.1,QUIC,1324
YouTube,3862,51.651236,172.30.1.250,172.30.1.1,QUIC,1324
YouTube,3863,51.651315,172.30.1.250,172.30.1.1,QUIC,1324
YouTube,3864,51.654646,172.30.1.1,172.30.1.250,QUIC,108
YouTube,3865,51.655118,172.30.1.250,172.30.1.1,QUIC,1324
YouTube,3866,51.655351,172.30.1.250,172.30.1.1,QUIC,1324
YouTube,3867,51.657532,172.30.1.250,172.30.1.1,QUIC,1324
YouTube,3868,51.657713,172.30.1.250,172.30.1.1,QUIC,1324
YouTube,3869,51.660275,172.30.1.250,172.30.1.1,QUIC,1324
YouTube,3870,51.660421,172.30.1.250,172.30.1.1,QUIC,1324
YouTube,3871,51.660583,172.30.1.250,172.30.1.1,QUIC,1324
YouTube,3872,51.660686,172.30.1.250,172.30.1.1,QUIC,1324
YouTube,3873,51.660787,172.30.1.250,172.30.1.1,QUIC,1324
YouTube,3874,51.661323,172.30.1.1,172.30.1.250,QUIC,108
YouTube,3875,51.664684,172.30.1.250,172.30.1.1,QUIC,1324
YouTube,3876,51.664802,172.30.1.250,172.30.1.1,QUIC,1324
YouTube,3877,51.664887,172.30.1.250,172.30.1.1,QUIC,1324
YouTube,3878,51.664969,172.30.1.250,172.30.1.1,QUIC,1324
YouTube,3879,51.665047,172.30.1.250,172.30.1.1,QUIC,1324
YouTube,3880,51.666536,172.30.1.250,172.30.1.1,QUIC,1324
YouTube,3881,51.666765,172.30.1.250,172.30.1.1,QUIC,1324
YouTube,3882,51.666878,172.30.1.250,172.30.1.1,QUIC,1324
YouTube,3883,51.66953,172.30.1.250,172.30.1.1,QUIC,1324
YouTube,3884,51.669653,172.30.1.250,172.30.1.1,QUIC,1324
YouTube,3885,51.669749,172.30.1.250,172.30.1.1,QUIC,1324
YouTube,3886,51.669841,172.30.1.1,172.30.1.250,QUIC,108
YouTube,3887,51.672748,172.30.1.250,172.30.1.1,QUIC,1324
YouTube,3888,51.672844,172.30.1.250,172.30.1.1,QUIC,1324
YouTube,3889,51.672905,172.30.1.250,172.30.1.1,QUIC,1324
YouTube,3890,51.672958,172.30.1.250,172.30.1.1,QUIC,1324
YouTube,3891,51.67301,172.30.1.250,172.30.1.1,QUIC,1324
YouTube,3892,51.673063,172.30.1.250,172.30.1.1,QUIC,1324
YouTube,3893,51.673116,172.30.1.250,172.30.1.1,QUIC,1324
YouTube,3894,51.673168,172.30.1.250,172.30.1.1,QUIC,1324
YouTube,3895,51.674439,172.30.1.1,172.30.1.250,QUIC,112
YouTube,3896,51.6747,172.30.1.1,172.30.1.250,QUIC,112
YouTube,3897,51.674863,172.30.1.1,172.30.1.250,QUIC,108
YouTube,3898,51.681576,172.30.1.250,172.30.1.1,QUIC,1324
YouTube,3899,51.684145,172.30.1.250,172.30.1.1,QUIC,1324
YouTube,3900,51.6843,172.30.1.250,172.30.1.1,QUIC,1324
YouTube,3901,51.684386,172.30.1.250,172.30.1.1,QUIC,1324
YouTube,3902,51.684503,172.30.1.250,172.30.1.1,QUIC,1324
YouTube,3903,51.684605,172.30.1.250,172.30.1.1,QUIC,1324
YouTube,3904,51.684669,172.30.1.250,172.30.1.1,QUIC,1324
YouTube,3905,51.684728,172.30.1.250,172.30.1.1,QUIC,1324
YouTube,3906,51.684784,172.30.1.250,172.30.1.1,QUIC,1324
YouTube,3907,51.68484,172.30.1.250,172.30.1.1,QUIC,1324
YouTube,3908,51.688672,172.30.1.250,172.30.1.1,QUIC,1324
YouTube,3909,51.688818,172.30.1.250,172.30.1.1,QUIC,1324
YouTube,3910,51.688902,172.30.1.250,172.30.1.1,QUIC,1324
YouTube,3911,51.688979,172.30.1.250,172.30.1.1,QUIC,1324
YouTube,3912,51.689054,172.30.1.250,172.30.1.1,QUIC,1320
YouTube,3913,51.689129,172.30.1.250,172.30.1.1,QUIC,1324
YouTube,3914,51.690073,172.30.1.1,172.30.1.250,QUIC,108
YouTube,3915,51.696349,172.30.1.250,172.30.1.1,QUIC,1324
YouTube,3916,51.69665,172.30.1.250,172.30.1.1,QUIC,1324
YouTube,3917,51.696706,172.30.1.250,172.30.1.1,QUIC,1324
YouTube,3918,51.696751,172.30.1.250,172.30.1.1,QUIC,1324
YouTube,3919,51.696795,172.30.1.250,172.30.1.1,QUIC,1324
YouTube,3920,51.696837,172.30.1.250,172.30.1.1,QUIC,1324
YouTube,3921,51.696879,172.30.1.250,172.30.1.1,QUIC,1324
YouTube,3922,51.696921,172.30.1.250,172.30.1.1,QUIC,1324
YouTube,3923,51.696964,172.30.1.250,172.30.1.1,QUIC,1324
YouTube,3924,51.697007,172.30.1.250,172.30.1.1,QUIC,1324
YouTube,3925,51.70135,172.30.1.250,172.30.1.1,QUIC,1324
YouTube,3926,51.701512,172.30.1.250,172.30.1.1,QUIC,1324
YouTube,3927,51.701597,172.30.1.250,172.30.1.1,QUIC,1324
YouTube,3928,51.701675,172.30.1.250,172.30.1.1,QUIC,1324
YouTube,3929,51.706353,172.30.1.1,172.30.1.250,QUIC,108
YouTube,3930,51.706768,172.30.1.250,172.30.1.1,QUIC,1324
YouTube,3931,51.706935,172.30.1.250,172.30.1.1,QUIC,1324
YouTube,3932,51.707023,172.30.1.250,172.30.1.1,QUIC,1324
YouTube,3933,51.707102,172.30.1.250,172.30.1.1,QUIC,1324
YouTube,3934,51.70718,172.30.1.250,172.30.1.1,QUIC,1324
YouTube,3935,51.70726,172.30.1.250,172.30.1.1,QUIC,1324
YouTube,3936,51.707337,172.30.1.250,172.30.1.1,QUIC,1324
YouTube,3937,51.707411,172.30.1.250,172.30.1.1,QUIC,1324
YouTube,3938,51.707486,172.30.1.250,172.30.1.1,QUIC,1324
YouTube,3939,51.707564,172.30.1.250,172.30.1.1,QUIC,1324
YouTube,3940,51.708174,172.30.1.250,172.30.1.1,QUIC,1324
YouTube,3941,51.708935,172.30.1.250,172.30.1.1,QUIC,1324
YouTube,3942,51.709189,172.30.1.250,172.30.1.1,QUIC,1324
YouTube,3943,51.709284,172.30.1.250,172.30.1.1,QUIC,1324
YouTube,3944,51.709367,172.30.1.250,172.30.1.1,QUIC,1324
YouTube,3945,51.709444,172.30.1.250,172.30.1.1,QUIC,1324
YouTube,3946,51.710522,172.30.1.250,172.30.1.1,QUIC,1324
YouTube,3947,51.710699,172.30.1.250,172.30.1.1,QUIC,1324
YouTube,3948,51.713516,172.30.1.250,172.30.1.1,QUIC,1324
YouTube,3949,51.713696,172.30.1.250,172.30.1.1,QUIC,1324
YouTube,3950,51.71586,172.30.1.1,172.30.1.250,QUIC,108
YouTube,3951,51.71672,172.30.1.250,172.30.1.1,QUIC,1324
YouTube,3952,51.716816,172.30.1.250,172.30.1.1,QUIC,1324
YouTube,3953,51.716873,172.30.1.250,172.30.1.1,QUIC,1324
YouTube,3954,51.716926,172.30.1.250,172.30.1.1,QUIC,1324
YouTube,3955,51.716978,172.30.1.250,172.30.1.1,QUIC,1324
YouTube,3956,51.719792,172.30.1.250,172.30.1.1,QUIC,1324
YouTube,3957,51.71991,172.30.1.250,172.30.1.1,QUIC,1324
YouTube,3958,51.719969,172.30.1.250,172.30.1.1,QUIC,1324
YouTube,3959,51.72612,172.30.1.1,172.30.1.250,QUIC,108
YouTube,3960,51.726646,172.30.1.250,172.30.1.1,QUIC,1324
YouTube,3961,51.726832,172.30.1.250,172.30.1.1,QUIC,1324
YouTube,3962,51.727011,172.30.1.250,172.30.1.1,QUIC,1324
YouTube,3963,51.727118,172.30.1.250,172.30.1.1,QUIC,1324
YouTube,3964,51.727224,172.30.1.250,172.30.1.1,QUIC,1324
YouTube,3965,51.727322,172.30.1.250,172.30.1.1,QUIC,1324
YouTube,3966,51.727418,172.30.1.250,172.30.1.1,QUIC,1324
YouTube,3967,51.727517,172.30.1.250,172.30.1.1,QUIC,1324
YouTube,3968,51.727665,172.30.1.250,172.30.1.1,QUIC,1324
YouTube,3969,51.727766,172.30.1.250,172.30.1.1,QUIC,1324
YouTube,3970,51.727866,172.30.1.250,172.30.1.1,QUIC,1324
YouTube,3971,51.727966,172.30.1.250,172.30.1.1,QUIC,1324
YouTube,3972,51.728069,172.30.1.250,172.30.1.1,QUIC,1324
YouTube,3973,51.728172,172.30.1.250,172.30.1.1,QUIC,1324
YouTube,3974,51.728272,172.30.1.250,172.30.1.1,QUIC,1324
YouTube,3975,51.731211,172.30.1.250,172.30.1.1,QUIC,1324
YouTube,3976,51.731354,172.30.1.250,172.30.1.1,QUIC,1324
YouTube,3977,51.734671,172.30.1.250,172.30.1.1,QUIC,1324
YouTube,3978,51.735122,172.30.1.250,172.30.1.1,QUIC,1324
YouTube,3979,51.735255,172.30.1.1,172.30.1.250,QUIC,108
YouTube,3980,51.735594,172.30.1.250,172.30.1.1,QUIC,1324
YouTube,3981,51.735748,172.30.1.250,172.30.1.1,QUIC,1324
YouTube,3982,51.737859,172.30.1.250,172.30.1.1,QUIC,1324
YouTube,3983,51.738123,172.30.1.250,172.30.1.1,QUIC,1324
YouTube,3984,51.73824,172.30.1.250,172.30.1.1,QUIC,1324
YouTube,3985,51.738353,172.30.1.250,172.30.1.1,QUIC,1324
YouTube,3986,51.73843,172.30.1.250,172.30.1.1,QUIC,1324
YouTube,3987,51.738506,172.30.1.250,172.30.1.1,QUIC,1324
YouTube,3988,51.738581,172.30.1.250,172.30.1.1,QUIC,1324
YouTube,3989,51.743126,172.30.1.250,172.30.1.1,QUIC,1324
YouTube,3990,51.7442,172.30.1.1,172.30.1.250,QUIC,108
YouTube,3991,51.746015,172.30.1.250,172.30.1.1,QUIC,1324
YouTube,3992,51.746205,172.30.1.250,172.30.1.1,QUIC,1324
YouTube,3993,51.750019,172.30.1.250,172.30.1.1,QUIC,1324
YouTube,3994,51.750208,172.30.1.250,172.30.1.1,QUIC,1324
YouTube,3995,51.750402,172.30.1.250,172.30.1.1,QUIC,1324
YouTube,3996,51.750517,172.30.1.250,172.30.1.1,QUIC,1324
YouTube,3997,51.753915,172.30.1.250,172.30.1.1,QUIC,1324
YouTube,3998,51.754145,172.30.1.250,172.30.1.1,QUIC,1324
YouTube,3999,51.754333,172.30.1.250,172.30.1.1,QUIC,1324
YouTube,4000,51.754445,172.30.1.250,172.30.1.1,QUIC,1324
YouTube,4001,51.754557,172.30.1.1,172.30.1.250,QUIC,108
YouTube,4002,51.754902,172.30.1.250,172.30.1.1,QUIC,1324
YouTube,4003,51.757061,172.30.1.250,172.30.1.1,QUIC,1324
YouTube,4004,51.757573,172.30.1.250,172.30.1.1,QUIC,1324
YouTube,4005,51.757737,172.30.1.250,172.30.1.1,QUIC,1324
YouTube,4006,51.760683,172.30.1.250,172.30.1.1,QUIC,1324
YouTube,4007,51.760859,172.30.1.250,172.30.1.1,QUIC,1324
YouTube,4008,51.763025,172.30.1.1,172.30.1.250,QUIC,108
YouTube,4009,51.766917,172.30.1.250,172.30.1.1,QUIC,1324
YouTube,4010,51.767104,172.30.1.250,172.30.1.1,QUIC,1324
YouTube,4011,51.767199,172.30.1.250,172.30.1.1,QUIC,1324
YouTube,4012,51.767768,172.30.1.250,172.30.1.1,QUIC,1324
YouTube,4013,51.767866,172.30.1.250,172.30.1.1,QUIC,1324
YouTube,4014,51.767939,172.30.1.250,172.30.1.1,QUIC,1324
YouTube,4015,51.770723,172.30.1.250,172.30.1.1,QUIC,1324
YouTube,4016,51.770852,172.30.1.250,172.30.1.1,QUIC,1324
YouTube,4017,51.774112,172.30.1.250,172.30.1.1,QUIC,1324
YouTube,4018,51.774252,172.30.1.250,172.30.1.1,QUIC,1324
YouTube,4019,51.774338,172.30.1.250,172.30.1.1,QUIC,1324
YouTube,4020,51.776694,172.30.1.1,172.30.1.250,QUIC,108
YouTube,4021,51.777479,172.30.1.250,172.30.1.1,QUIC,1324
YouTube,4022,51.777711,172.30.1.250,172.30.1.1,QUIC,1324
YouTube,4023,51.777822,172.30.1.250,172.30.1.1,QUIC,1324
YouTube,4024,51.780179,172.30.1.250,172.30.1.1,QUIC,1324
YouTube,4025,51.784365,172.30.1.250,172.30.1.1,QUIC,1324
YouTube,4026,51.784654,172.30.1.250,172.30.1.1,QUIC,1324
YouTube,4027,51.784757,172.30.1.250,172.30.1.1,QUIC,1324
YouTube,4028,51.784804,172.30.1.250,172.30.1.1,QUIC,1324
YouTube,4029,51.78485,172.30.1.250,172.30.1.1,QUIC,1324
YouTube,4030,51.784895,172.30.1.250,172.30.1.1,QUIC,1324
YouTube,4031,51.784996,172.30.1.250,172.30.1.1,QUIC,1324
YouTube,4032,51.785056,172.30.1.250,172.30.1.1,QUIC,1324
YouTube,4033,51.786442,172.30.1.1,172.30.1.250,QUIC,108
YouTube,4034,51.786752,172.30.1.250,172.30.1.1,QUIC,1324
YouTube,4035,51.789661,172.30.1.250,172.30.1.1,QUIC,1324
YouTube,4036,51.793029,172.30.1.250,172.30.1.1,QUIC,1324
YouTube,4037,51.795384,172.30.1.1,172.30.1.250,QUIC,108
YouTube,4038,51.799689,172.30.1.250,172.30.1.1,QUIC,1324
YouTube,4039,51.806609,172.30.1.250,172.30.1.1,QUIC,1324
YouTube,4040,51.806819,172.30.1.250,172.30.1.1,QUIC,1324
YouTube,4041,51.806928,172.30.1.250,172.30.1.1,QUIC,1324
YouTube,4042,51.807029,172.30.1.250,172.30.1.1,QUIC,1324
YouTube,4043,51.807127,172.30.1.250,172.30.1.1,QUIC,1324
YouTube,4044,51.808799,172.30.1.1,172.30.1.250,QUIC,108
YouTube,4045,51.809398,172.30.1.250,172.30.1.1,QUIC,1324
YouTube,4046,51.812606,172.30.1.250,172.30.1.1,QUIC,1324
YouTube,4047,51.815414,172.30.1.250,172.30.1.1,QUIC,1324
YouTube,4048,51.819781,172.30.1.1,172.30.1.250,QUIC,116
YouTube,4049,51.826711,172.30.1.250,172.30.1.1,QUIC,1324
YouTube,4050,51.826947,172.30.1.250,172.30.1.1,QUIC,1324
YouTube,4051,51.82959,172.30.1.250,172.30.1.1,QUIC,1324
YouTube,4052,51.833501,172.30.1.250,172.30.1.1,QUIC,1324
YouTube,4053,51.833787,172.30.1.250,172.30.1.1,QUIC,1324
YouTube,4054,51.833901,172.30.1.250,172.30.1.1,QUIC,1324
YouTube,4055,51.834002,172.30.1.250,172.30.1.1,QUIC,1324
YouTube,4056,51.834099,172.30.1.250,172.30.1.1,QUIC,1324
YouTube,4057,51.835197,172.30.1.1,172.30.1.250,QUIC,108
YouTube,4058,51.836525,172.30.1.250,172.30.1.1,QUIC,1324
YouTube,4059,51.840388,172.30.1.250,172.30.1.1,QUIC,1324
YouTube,4060,51.842443,172.30.1.250,172.30.1.1,QUIC,1324
YouTube,4061,51.846347,172.30.1.250,172.30.1.1,QUIC,1324
YouTube,4062,51.84715,172.30.1.1,172.30.1.250,QUIC,108
YouTube,4063,51.850415,172.30.1.250,172.30.1.1,QUIC,1324
YouTube,4064,51.857729,172.30.1.1,172.30.1.250,QUIC,108
YouTube,4065,51.85806,172.30.1.250,172.30.1.1,QUIC,1324
YouTube,4066,51.858598,172.30.1.250,172.30.1.1,QUIC,1324
YouTube,4067,51.858728,172.30.1.250,172.30.1.1,QUIC,1324
YouTube,4068,51.860135,172.30.1.250,172.30.1.1,QUIC,1324
YouTube,4069,51.860271,172.30.1.250,172.30.1.1,QUIC,1324
YouTube,4070,51.860358,172.30.1.250,172.30.1.1,QUIC,1324
YouTube,4071,51.860485,172.30.1.250,172.30.1.1,QUIC,1324
YouTube,4072,51.860571,172.30.1.250,172.30.1.1,QUIC,1324
YouTube,4073,51.862834,172.30.1.250,172.30.1.1,QUIC,1324
YouTube,4074,51.866172,172.30.1.250,172.30.1.1,QUIC,1324
YouTube,4075,51.866989,172.30.1.1,172.30.1.250,QUIC,108
YouTube,4076,51.869168,172.30.1.250,172.30.1.1,QUIC,1324
YouTube,4077,51.8734,172.30.1.250,172.30.1.1,QUIC,1324
YouTube,4078,51.873563,172.30.1.250,172.30.1.1,QUIC,1324
YouTube,4079,51.878655,172.30.1.1,172.30.1.250,QUIC,108
YouTube,4080,51.886271,172.30.1.250,172.30.1.1,QUIC,1324
YouTube,4081,51.886423,172.30.1.250,172.30.1.1,QUIC,1324
YouTube,4082,51.886493,172.30.1.250,172.30.1.1,QUIC,1324
YouTube,4083,51.886556,172.30.1.250,172.30.1.1,QUIC,1324
YouTube,4084,51.886619,172.30.1.250,172.30.1.1,QUIC,1324
YouTube,4085,51.886681,172.30.1.250,172.30.1.1,QUIC,1324
YouTube,4086,51.886741,172.30.1.250,172.30.1.1,QUIC,1324
YouTube,4087,51.886801,172.30.1.250,172.30.1.1,QUIC,1324
YouTube,4088,51.886861,172.30.1.250,172.30.1.1,QUIC,1324
YouTube,4089,51.886921,172.30.1.250,172.30.1.1,QUIC,1324
YouTube,4090,51.88698,172.30.1.250,172.30.1.1,QUIC,1324
YouTube,4091,51.887038,172.30.1.250,172.30.1.1,QUIC,1324
YouTube,4092,51.887099,172.30.1.250,172.30.1.1,QUIC,1324
YouTube,4093,51.88883,172.30.1.250,172.30.1.1,QUIC,1324
YouTube,4094,51.892112,172.30.1.250,172.30.1.1,QUIC,1324
YouTube,4095,51.892351,172.30.1.250,172.30.1.1,QUIC,1324
YouTube,4096,51.89261,172.30.1.250,172.30.1.1,QUIC,1324
YouTube,4097,51.89505,172.30.1.250,172.30.1.1,QUIC,1324
YouTube,4098,51.895248,172.30.1.250,172.30.1.1,QUIC,1324
YouTube,4099,51.896223,172.30.1.1,172.30.1.250,QUIC,108
YouTube,4100,51.898941,172.30.1.250,172.30.1.1,QUIC,1324
YouTube,4101,51.899187,172.30.1.250,172.30.1.1,QUIC,1324
YouTube,4102,51.8993,172.30.1.250,172.30.1.1,QUIC,1324
YouTube,4103,51.904671,172.30.1.250,172.30.1.1,QUIC,1324
YouTube,4104,51.904819,172.30.1.250,172.30.1.1,QUIC,1324
YouTube,4105,51.905632,172.30.1.1,172.30.1.250,QUIC,108
YouTube,4106,51.907265,172.30.1.250,172.30.1.1,QUIC,1324
YouTube,4107,51.910553,172.30.1.250,172.30.1.1,QUIC,1324
YouTube,4108,51.910798,172.30.1.250,172.30.1.1,QUIC,1324
YouTube,4109,51.914521,172.30.1.1,172.30.1.250,QUIC,108
YouTube,4110,51.916936,172.30.1.250,172.30.1.1,QUIC,1324
YouTube,4111,51.917152,172.30.1.250,172.30.1.1,QUIC,1324
YouTube,4112,51.917262,172.30.1.250,172.30.1.1,QUIC,1324
YouTube,4113,51.917363,172.30.1.250,172.30.1.1,QUIC,1324
YouTube,4114,51.918943,172.30.1.250,172.30.1.1,QUIC,1324
YouTube,4115,51.919115,172.30.1.250,172.30.1.1,QUIC,1324
YouTube,4116,51.919232,172.30.1.250,172.30.1.1,QUIC,1324
YouTube,4117,51.921003,172.30.1.250,172.30.1.1,QUIC,1324
YouTube,4118,51.9261,172.30.1.1,172.30.1.250,QUIC,108
YouTube,4119,51.933283,172.30.1.250,172.30.1.1,QUIC,1324
YouTube,4120,51.933516,172.30.1.250,172.30.1.1,QUIC,1324
YouTube,4121,51.93363,172.30.1.250,172.30.1.1,QUIC,1324
YouTube,4122,51.933732,172.30.1.250,172.30.1.1,QUIC,1324
YouTube,4123,51.933834,172.30.1.250,172.30.1.1,QUIC,1324
YouTube,4124,51.934003,172.30.1.250,172.30.1.1,QUIC,1324
YouTube,4125,51.934114,172.30.1.250,172.30.1.1,QUIC,1324
YouTube,4126,51.942591,172.30.1.1,172.30.1.250,QUIC,108
YouTube,4127,51.958643,172.30.1.250,172.30.1.1,QUIC,1324
YouTube,4128,51.968608,172.30.1.1,172.30.1.250,QUIC,108
YouTube,4129,51.969039,172.30.1.250,172.30.1.1,QUIC,1324
YouTube,4130,51.969243,172.30.1.250,172.30.1.1,QUIC,1324
YouTube,4131,51.969335,172.30.1.250,172.30.1.1,QUIC,1324
YouTube,4132,51.969406,172.30.1.250,172.30.1.1,QUIC,1324
YouTube,4133,51.973002,172.30.1.250,172.30.1.1,QUIC,1324
YouTube,4134,51.975763,172.30.1.250,172.30.1.1,QUIC,1324
YouTube,4135,51.977922,172.30.1.1,172.30.1.250,QUIC,108
YouTube,4136,51.978629,172.30.1.250,172.30.1.1,QUIC,1324
YouTube,4137,51.986813,172.30.1.250,172.30.1.1,QUIC,1324
YouTube,4138,51.987525,172.30.1.1,172.30.1.250,QUIC,108
YouTube,4139,51.999243,172.30.1.250,172.30.1.1,QUIC,1324
YouTube,4140,52.003573,172.30.1.250,172.30.1.1,QUIC,1324
YouTube,4141,52.003728,172.30.1.250,172.30.1.1,QUIC,1324
YouTube,4142,52.003812,172.30.1.250,172.30.1.1,QUIC,1324
YouTube,4143,52.00389,172.30.1.250,172.30.1.1,QUIC,1324
YouTube,4144,52.003967,172.30.1.250,172.30.1.1,QUIC,1324
YouTube,4145,52.004043,172.30.1.250,172.30.1.1,QUIC,1324
YouTube,4146,52.004121,172.30.1.250,172.30.1.1,QUIC,1324
YouTube,4147,52.004197,172.30.1.250,172.30.1.1,QUIC,1324
YouTube,4148,52.004285,172.30.1.1,172.30.1.250,QUIC,112
YouTube,4149,52.004771,172.30.1.1,172.30.1.250,QUIC,112
YouTube,4150,52.005051,172.30.1.1,172.30.1.250,QUIC,112
YouTube,4151,52.006569,172.30.1.1,172.30.1.250,QUIC,112
YouTube,4152,52.006734,172.30.1.250,172.30.1.1,QUIC,1324
YouTube,4153,52.006866,172.30.1.250,172.30.1.1,QUIC,1324
YouTube,4154,52.009438,172.30.1.250,172.30.1.1,QUIC,1324
YouTube,4155,52.009602,172.30.1.250,172.30.1.1,QUIC,1324
YouTube,4156,52.009748,172.30.1.250,172.30.1.1,QUIC,1324
YouTube,4157,52.009838,172.30.1.250,172.30.1.1,QUIC,1324
YouTube,4158,52.009917,172.30.1.250,172.30.1.1,QUIC,1324
YouTube,4159,52.009994,172.30.1.250,172.30.1.1,QUIC,1324
YouTube,4160,52.01007,172.30.1.250,172.30.1.1,QUIC,1324
YouTube,4161,52.013502,172.30.1.1,172.30.1.250,QUIC,112
YouTube,4162,52.014395,172.30.1.250,172.30.1.1,QUIC,1324
YouTube,4163,52.017055,172.30.1.250,172.30.1.1,QUIC,1324
YouTube,4164,52.020143,172.30.1.250,172.30.1.1,QUIC,1324
YouTube,4165,52.020225,172.30.1.250,172.30.1.1,QUIC,732
YouTube,4166,52.020271,172.30.1.250,172.30.1.1,QUIC,100
YouTube,4167,52.023447,172.30.1.1,172.30.1.250,QUIC,112
YouTube,4168,52.062775,172.30.1.250,172.30.1.1,QUIC,1324
YouTube,4169,52.072703,172.30.1.1,172.30.1.250,QUIC,116
YouTube,4170,52.135414,172.30.1.250,172.30.1.1,QUIC,100
YouTube,4171,58.4376,172.30.1.1,172.30.1.250,QUIC,280
YouTube,4172,58.43843,172.30.1.1,172.30.1.250,QUIC,280
YouTube,4173,58.43866,172.30.1.1,172.30.1.250,QUIC,280
YouTube,4174,58.706879,172.30.1.250,172.30.1.1,QUIC,104
YouTube,4175,58.707316,172.30.1.250,172.30.1.1,QUIC,104
YouTube,4176,58.707419,172.30.1.250,172.30.1.1,QUIC,104
YouTube,4177,58.707518,172.30.1.250,172.30.1.1,QUIC,100
YouTube,4178,58.707586,172.30.1.250,172.30.1.1,QUIC,120
YouTube,4179,58.710532,172.30.1.1,172.30.1.250,QUIC,112
YouTube,4180,58.714405,172.30.1.1,172.30.1.250,QUIC,112
YouTube,4181,58.865959,172.30.1.250,172.30.1.1,QUIC,100
YouTube,4182,58.866239,172.30.1.250,172.30.1.1,QUIC,100
YouTube,4183,60.003746,172.30.1.1,172.30.1.250,QUIC,1324
YouTube,4184,60.007211,172.30.1.1,172.30.1.250,QUIC,156
YouTube,4185,60.012671,172.30.1.1,172.30.1.250,QUIC,892
YouTube,4186,60.013014,172.30.1.1,172.30.1.250,QUIC,900
YouTube,4187,60.013228,172.30.1.1,172.30.1.250,QUIC,1320
YouTube,4188,60.014169,172.30.1.1,172.30.1.250,QUIC,544
YouTube,4189,60.014345,172.30.1.1,172.30.1.250,QUIC,1320
YouTube,4190,60.014511,172.30.1.1,172.30.1.250,QUIC,544
YouTube,4191,60.246927,172.30.1.1,172.30.1.250,QUIC,892
YouTube,4192,60.255349,172.30.1.1,172.30.1.250,QUIC,1324
YouTube,4193,60.306402,172.30.1.250,172.30.1.1,QUIC,1324
YouTube,4194,60.30685,172.30.1.250,172.30.1.1,QUIC,864
YouTube,4195,60.309246,172.30.1.250,172.30.1.1,QUIC,268
YouTube,4196,60.30935,172.30.1.250,172.30.1.1,QUIC,104
YouTube,4197,60.309409,172.30.1.250,172.30.1.1,QUIC,100
YouTube,4198,60.309474,172.30.1.1,172.30.1.250,QUIC,1324
YouTube,4199,60.309819,172.30.1.1,172.30.1.250,QUIC,148
YouTube,4200,60.309988,172.30.1.1,172.30.1.250,QUIC,108
YouTube,4201,60.310114,172.30.1.250,172.30.1.1,QUIC,104
YouTube,4202,60.310193,172.30.1.250,172.30.1.1,QUIC,100
YouTube,4203,60.310243,172.30.1.250,172.30.1.1,QUIC,192
YouTube,4204,60.314464,172.30.1.1,172.30.1.250,QUIC,112
YouTube,4205,60.314686,172.30.1.1,172.30.1.250,QUIC,828
YouTube,4206,60.314824,172.30.1.1,172.30.1.250,QUIC,1320
YouTube,4207,60.314959,172.30.1.1,172.30.1.250,QUIC,1324
YouTube,4208,60.315166,172.30.1.1,172.30.1.250,QUIC,1324
YouTube,4209,60.315302,172.30.1.1,172.30.1.250,QUIC,1324
YouTube,4210,60.315434,172.30.1.1,172.30.1.250,QUIC,1324
YouTube,4211,60.315564,172.30.1.1,172.30.1.250,QUIC,1324
YouTube,4212,60.315726,172.30.1.1,172.30.1.250,QUIC,1324
YouTube,4213,60.316012,172.30.1.250,172.30.1.1,QUIC,1320
YouTube,4214,60.316171,172.30.1.250,172.30.1.1,QUIC,1324
YouTube,4215,60.316244,172.30.1.250,172.30.1.1,QUIC,1324
YouTube,4216,60.316309,172.30.1.250,172.30.1.1,QUIC,1324
YouTube,4217,60.316372,172.30.1.250,172.30.1.1,QUIC,1324
YouTube,4218,60.316484,172.30.1.250,172.30.1.1,QUIC,1324
YouTube,4219,60.316554,172.30.1.250,172.30.1.1,QUIC,1324
YouTube,4220,60.316619,172.30.1.250,172.30.1.1,QUIC,1324
YouTube,4221,60.32382,172.30.1.1,172.30.1.250,QUIC,1324
YouTube,4222,60.3241,172.30.1.1,172.30.1.250,QUIC,1324
YouTube,4223,60.324286,172.30.1.250,172.30.1.1,QUIC,1324
YouTube,4224,60.324602,172.30.1.250,172.30.1.1,QUIC,1324
YouTube,4225,60.324698,172.30.1.250,172.30.1.1,QUIC,1324
YouTube,4226,60.324764,172.30.1.250,172.30.1.1,QUIC,1324
YouTube,4227,60.32482,172.30.1.250,172.30.1.1,QUIC,1324
YouTube,4228,60.324875,172.30.1.250,172.30.1.1,QUIC,1324
YouTube,4229,60.32493,172.30.1.250,172.30.1.1,QUIC,1324
YouTube,4230,60.324985,172.30.1.250,172.30.1.1,QUIC,1324
YouTube,4231,60.325076,172.30.1.1,172.30.1.250,QUIC,108
YouTube,4232,60.325396,172.30.1.250,172.30.1.1,QUIC,1324
YouTube,4233,60.327411,172.30.1.250,172.30.1.1,QUIC,1324
YouTube,4234,60.327583,172.30.1.250,172.30.1.1,QUIC,1324
YouTube,4235,60.330711,172.30.1.250,172.30.1.1,QUIC,1324
YouTube,4236,60.331446,172.30.1.1,172.30.1.250,QUIC,892
YouTube,4237,60.333181,172.30.1.1,172.30.1.250,QUIC,108
YouTube,4238,60.334475,172.30.1.250,172.30.1.1,QUIC,1324
YouTube,4239,60.334595,172.30.1.250,172.30.1.1,QUIC,1324
YouTube,4240,60.338223,172.30.1.250,172.30.1.1,QUIC,1324
YouTube,4241,60.338749,172.30.1.1,172.30.1.250,QUIC,108
YouTube,4242,60.341081,172.30.1.250,172.30.1.1,QUIC,1324
YouTube,4243,60.341647,172.30.1.1,172.30.1.250,QUIC,108
YouTube,4244,60.344359,172.30.1.250,172.30.1.1,QUIC,1324
YouTube,4245,60.344811,172.30.1.1,172.30.1.250,QUIC,108
YouTube,4246,60.35936,172.30.1.250,172.30.1.1,QUIC,1324
YouTube,4247,60.360021,172.30.1.1,172.30.1.250,QUIC,108
YouTube,4248,60.361305,172.30.1.250,172.30.1.1,QUIC,1324
YouTube,4249,60.371415,172.30.1.1,172.30.1.250,QUIC,112
YouTube,4250,60.388852,172.30.1.250,172.30.1.1,QUIC,1324
YouTube,4251,60.398255,172.30.1.1,172.30.1.250,QUIC,112
YouTube,4252,60.399654,172.30.1.250,172.30.1.1,QUIC,1324
YouTube,4253,60.40285,172.30.1.250,172.30.1.1,QUIC,1324
YouTube,4254,60.408135,172.30.1.250,172.30.1.1,QUIC,1324
YouTube,4255,60.408927,172.30.1.1,172.30.1.250,QUIC,108
YouTube,4256,60.410831,172.30.1.250,172.30.1.1,QUIC,1324
YouTube,4257,60.414365,172.30.1.250,172.30.1.1,QUIC,1324
YouTube,4258,60.417466,172.30.1.250,172.30.1.1,QUIC,1324
YouTube,4259,60.420236,172.30.1.1,172.30.1.250,QUIC,112
YouTube,4260,60.420646,172.30.1.250,172.30.1.1,QUIC,1324
YouTube,4261,60.424136,172.30.1.250,172.30.1.1,QUIC,1324
YouTube,4262,60.429793,172.30.1.1,172.30.1.250,QUIC,112
YouTube,4263,60.430193,172.30.1.250,172.30.1.1,QUIC,1324
YouTube,4264,60.439095,172.30.1.1,172.30.1.250,QUIC,112
YouTube,4265,60.445369,172.30.1.250,172.30.1.1,QUIC,1324
YouTube,4266,60.449891,172.30.1.250,172.30.1.1,QUIC,1324
YouTube,4267,60.450063,172.30.1.250,172.30.1.1,QUIC,1324
YouTube,4268,60.450175,172.30.1.250,172.30.1.1,QUIC,1324
YouTube,4269,60.450276,172.30.1.250,172.30.1.1,QUIC,1324
YouTube,4270,60.450376,172.30.1.250,172.30.1.1,QUIC,1324
YouTube,4271,60.450474,172.30.1.250,172.30.1.1,QUIC,1324
YouTube,4272,60.452289,172.30.1.250,172.30.1.1,QUIC,1324
YouTube,4273,60.454444,172.30.1.1,172.30.1.250,QUIC,112
YouTube,4274,60.456105,172.30.1.250,172.30.1.1,QUIC,1324
YouTube,4275,60.45634,172.30.1.250,172.30.1.1,QUIC,1324
YouTube,4276,60.45669,172.30.1.250,172.30.1.1,QUIC,1324
YouTube,4277,60.456841,172.30.1.250,172.30.1.1,QUIC,1324
YouTube,4278,60.459608,172.30.1.1,172.30.1.250,QUIC,112
YouTube,4279,60.45986,172.30.1.250,172.30.1.1,QUIC,1324
YouTube,4280,60.460081,172.30.1.250,172.30.1.1,QUIC,1324
YouTube,4281,60.460197,172.30.1.250,172.30.1.1,QUIC,1324
YouTube,4282,60.460299,172.30.1.250,172.30.1.1,QUIC,1324
YouTube,4283,60.462436,172.30.1.250,172.30.1.1,QUIC,1324
YouTube,4284,60.462652,172.30.1.250,172.30.1.1,QUIC,1324
YouTube,4285,60.462766,172.30.1.250,172.30.1.1,QUIC,1324
YouTube,4286,60.462868,172.30.1.250,172.30.1.1,QUIC,1324
YouTube,4287,60.465787,172.30.1.250,172.30.1.1,QUIC,1324
YouTube,4288,60.466149,172.30.1.250,172.30.1.1,QUIC,1324
YouTube,4289,60.466271,172.30.1.250,172.30.1.1,QUIC,1324
YouTube,4290,60.466395,172.30.1.1,172.30.1.250,QUIC,108
YouTube,4291,60.468995,172.30.1.250,172.30.1.1,QUIC,1324
YouTube,4292,60.469214,172.30.1.250,172.30.1.1,QUIC,1324
YouTube,4293,60.472551,172.30.1.250,172.30.1.1,QUIC,1324
YouTube,4294,60.472726,172.30.1.250,172.30.1.1,QUIC,1324
YouTube,4295,60.473065,172.30.1.250,172.30.1.1,QUIC,1324
YouTube,4296,60.47411,172.30.1.1,172.30.1.250,QUIC,112
YouTube,4297,60.534066,172.30.1.250,172.30.1.1,QUIC,1324
YouTube,4298,60.53427,172.30.1.250,172.30.1.1,QUIC,1324
YouTube,4299,60.534326,172.30.1.250,172.30.1.1,QUIC,1324
YouTube,4300,60.534376,172.30.1.250,172.30.1.1,QUIC,1324
YouTube,4301,60.534425,172.30.1.250,172.30.1.1,QUIC,1324
YouTube,4302,60.534473,172.30.1.250,172.30.1.1,QUIC,1324
YouTube,4303,60.53452,172.30.1.250,172.30.1.1,QUIC,1324
YouTube,4304,60.534566,172.30.1.250,172.30.1.1,QUIC,1324
YouTube,4305,60.534612,172.30.1.250,172.30.1.1,QUIC,1324
YouTube,4306,60.534659,172.30.1.250,172.30.1.1,QUIC,1324
YouTube,4307,60.534705,172.30.1.250,172.30.1.1,QUIC,1324
YouTube,4308,60.534754,172.30.1.250,172.30.1.1,QUIC,1324
YouTube,4309,60.534803,172.30.1.250,172.30.1.1,QUIC,1324
YouTube,4310,60.534855,172.30.1.1,172.30.1.250,QUIC,112
YouTube,4311,60.535302,172.30.1.1,172.30.1.250,QUIC,112
YouTube,4312,60.535436,172.30.1.1,172.30.1.250,QUIC,112
YouTube,4313,60.535563,172.30.1.250,172.30.1.1,QUIC,1324
YouTube,4314,60.535645,172.30.1.250,172.30.1.1,QUIC,1324
YouTube,4315,60.535709,172.30.1.250,172.30.1.1,QUIC,1324
YouTube,4316,60.535821,172.30.1.250,172.30.1.1,QUIC,1324
YouTube,4317,60.536,172.30.1.250,172.30.1.1,QUIC,1324
YouTube,4318,60.536079,172.30.1.250,172.30.1.1,QUIC,1324
YouTube,4319,60.536143,172.30.1.250,172.30.1.1,QUIC,1324
YouTube,4320,60.536707,172.30.1.250,172.30.1.1,QUIC,1324
YouTube,4321,60.536847,172.30.1.250,172.30.1.1,QUIC,1324
YouTube,4322,60.536919,172.30.1.250,172.30.1.1,QUIC,1324
YouTube,4323,60.537032,172.30.1.250,172.30.1.1,QUIC,1324
YouTube,4324,60.5371,172.30.1.250,172.30.1.1,QUIC,1324
YouTube,4325,60.537162,172.30.1.250,172.30.1.1,QUIC,1324
YouTube,4326,60.537336,172.30.1.250,172.30.1.1,QUIC,1324
YouTube,4327,60.537505,172.30.1.250,172.30.1.1,QUIC,1324
YouTube,4328,60.537613,172.30.1.250,172.30.1.1,QUIC,1324
YouTube,4329,60.537717,172.30.1.250,172.30.1.1,QUIC,1324
YouTube,4330,60.53897,172.30.1.250,172.30.1.1,QUIC,1324
YouTube,4331,60.543867,172.30.1.1,172.30.1.250,QUIC,112
YouTube,4332,60.544746,172.30.1.250,172.30.1.1,QUIC,1324
YouTube,4333,60.544883,172.30.1.250,172.30.1.1,QUIC,1324
YouTube,4334,60.544951,172.30.1.250,172.30.1.1,QUIC,1324
YouTube,4335,60.545013,172.30.1.250,172.30.1.1,QUIC,1324
YouTube,4336,60.554119,172.30.1.1,172.30.1.250,QUIC,112
YouTube,4337,60.554422,172.30.1.250,172.30.1.1,QUIC,1324
YouTube,4338,60.56348,172.30.1.1,172.30.1.250,QUIC,112
YouTube,4339,60.579909,172.30.1.250,172.30.1.1,QUIC,1324
YouTube,4340,60.589251,172.30.1.1,172.30.1.250,QUIC,112
YouTube,4341,60.677505,172.30.1.250,172.30.1.1,QUIC,1324
YouTube,4342,60.679659,172.30.1.250,172.30.1.1,QUIC,1324
YouTube,4343,60.685031,172.30.1.250,172.30.1.1,QUIC,1324
YouTube,4344,60.68734,172.30.1.1,172.30.1.250,QUIC,112
YouTube,4345,60.690854,172.30.1.250,172.30.1.1,QUIC,1324
YouTube,4346,60.696763,172.30.1.250,172.30.1.1,QUIC,1324
YouTube,4347,60.699734,172.30.1.1,172.30.1.250,QUIC,112
YouTube,4348,60.701115,172.30.1.250,172.30.1.1,QUIC,1324
YouTube,4349,60.70211,172.30.1.250,172.30.1.1,QUIC,1324
YouTube,4350,60.710122,172.30.1.1,172.30.1.250,QUIC,112
YouTube,4351,60.710839,172.30.1.250,172.30.1.1,QUIC,1324
YouTube,4352,60.710994,172.30.1.250,172.30.1.1,QUIC,1324
YouTube,4353,60.720766,172.30.1.250,172.30.1.1,QUIC,1324
YouTube,4354,60.722279,172.30.1.1,172.30.1.250,QUIC,112
YouTube,4355,60.723343,172.30.1.250,172.30.1.1,QUIC,1324
YouTube,4356,60.728824,172.30.1.250,172.30.1.1,QUIC,1324
YouTube,4357,60.730784,172.30.1.1,172.30.1.250,QUIC,112
YouTube,4358,60.731022,172.30.1.250,172.30.1.1,QUIC,1324
YouTube,4359,60.731152,172.30.1.250,172.30.1.1,QUIC,1324
YouTube,4360,60.731233,172.30.1.250,172.30.1.1,QUIC,104
YouTube,4361,60.73128,172.30.1.250,172.30.1.1,QUIC,196
YouTube,4362,60.731337,172.30.1.250,172.30.1.1,QUIC,104
YouTube,4363,60.731379,172.30.1.250,172.30.1.1,QUIC,104
YouTube,4364,60.731432,172.30.1.250,172.30.1.1,QUIC,100
YouTube,4365,60.732655,172.30.1.1,172.30.1.250,QUIC,908
YouTube,4366,60.732887,172.30.1.1,172.30.1.250,QUIC,108
YouTube,4367,60.73357,172.30.1.1,172.30.1.250,QUIC,108
YouTube,4368,60.73733,172.30.1.250,172.30.1.1,QUIC,1324
YouTube,4369,60.737488,172.30.1.250,172.30.1.1,QUIC,100
YouTube,4370,60.73756,172.30.1.250,172.30.1.1,QUIC,1324
YouTube,4371,60.737613,172.30.1.250,172.30.1.1,QUIC,100
YouTube,4372,60.737667,172.30.1.250,172.30.1.1,QUIC,100
YouTube,4373,60.73772,172.30.1.250,172.30.1.1,QUIC,100
YouTube,4374,60.737773,172.30.1.250,172.30.1.1,QUIC,100
YouTube,4375,60.737827,172.30.1.250,172.30.1.1,QUIC,100
YouTube,4376,60.737885,172.30.1.1,172.30.1.250,QUIC,112
YouTube,4377,60.738095,172.30.1.1,172.30.1.250,QUIC,112
YouTube,4378,60.746766,172.30.1.250,172.30.1.1,QUIC,1324
YouTube,4379,60.747365,172.30.1.1,172.30.1.250,QUIC,116
YouTube,4380,60.749781,172.30.1.250,172.30.1.1,QUIC,1324
YouTube,4381,60.750311,172.30.1.1,172.30.1.250,QUIC,116
YouTube,4382,60.753277,172.30.1.250,172.30.1.1,QUIC,1324
YouTube,4383,60.753857,172.30.1.1,172.30.1.250,QUIC,116
YouTube,4384,60.755573,172.30.1.250,172.30.1.1,QUIC,1324
YouTube,4385,60.755679,172.30.1.250,172.30.1.1,QUIC,1324
YouTube,4386,60.756331,172.30.1.1,172.30.1.250,QUIC,120
YouTube,4387,60.764776,172.30.1.1,172.30.1.250,QUIC,116
YouTube,4388,60.765074,172.30.1.250,172.30.1.1,QUIC,1324
YouTube,4389,60.765231,172.30.1.250,172.30.1.1,QUIC,1324
YouTube,4390,60.765307,172.30.1.250,172.30.1.1,QUIC,1324
YouTube,4391,60.774485,172.30.1.1,172.30.1.250,QUIC,116
YouTube,4392,60.780839,172.30.1.250,172.30.1.1,QUIC,1324
YouTube,4393,60.784205,172.30.1.250,172.30.1.1,QUIC,1324
YouTube,4394,60.788126,172.30.1.250,172.30.1.1,QUIC,1324
YouTube,4395,60.788308,172.30.1.250,172.30.1.1,QUIC,1324
YouTube,4396,60.788401,172.30.1.250,172.30.1.1,QUIC,1324
YouTube,4397,60.788527,172.30.1.250,172.30.1.1,QUIC,1324
YouTube,4398,60.790153,172.30.1.1,172.30.1.250,QUIC,116
YouTube,4399,60.793864,172.30.1.250,172.30.1.1,QUIC,1324
YouTube,4400,60.794047,172.30.1.250,172.30.1.1,QUIC,748
YouTube,4401,60.794194,172.30.1.250,172.30.1.1,QUIC,1324
YouTube,4402,60.794275,172.30.1.250,172.30.1.1,QUIC,1324
YouTube,4403,60.794335,172.30.1.250,172.30.1.1,QUIC,1324
YouTube,4404,60.79439,172.30.1.250,172.30.1.1,QUIC,1324
YouTube,4405,60.794444,172.30.1.250,172.30.1.1,QUIC,1324
YouTube,4406,60.794681,172.30.1.250,172.30.1.1,QUIC,1324
YouTube,4407,60.794773,172.30.1.250,172.30.1.1,QUIC,1324
YouTube,4408,60.794845,172.30.1.250,172.30.1.1,QUIC,1324
YouTube,4409,60.797159,172.30.1.250,172.30.1.1,QUIC,1324
YouTube,4410,60.797293,172.30.1.250,172.30.1.1,QUIC,320
YouTube,4411,60.797436,172.30.1.250,172.30.1.1,QUIC,1324
YouTube,4412,60.797506,172.30.1.250,172.30.1.1,QUIC,288
YouTube,4413,60.797558,172.30.1.250,172.30.1.1,QUIC,1324
YouTube,4414,60.799998,172.30.1.1,172.30.1.250,QUIC,112
YouTube,4415,60.800309,172.30.1.250,172.30.1.1,QUIC,1324
YouTube,4416,60.800462,172.30.1.250,172.30.1.1,QUIC,1324
YouTube,4417,60.800524,172.30.1.250,172.30.1.1,QUIC,1324
YouTube,4418,60.800576,172.30.1.250,172.30.1.1,QUIC,1324
YouTube,4419,60.80238,172.30.1.1,172.30.1.250,QUIC,112
YouTube,4420,60.803208,172.30.1.250,172.30.1.1,QUIC,1324
YouTube,4421,60.803331,172.30.1.250,172.30.1.1,QUIC,1324
YouTube,4422,60.803388,172.30.1.250,172.30.1.1,QUIC,1324
YouTube,4423,60.812186,172.30.1.1,172.30.1.250,QUIC,112
YouTube,4424,60.812501,172.30.1.250,172.30.1.1,QUIC,1324
YouTube,4425,60.814735,172.30.1.250,172.30.1.1,QUIC,1324
YouTube,4426,60.818129,172.30.1.250,172.30.1.1,QUIC,1324
YouTube,4427,60.820812,172.30.1.250,172.30.1.1,QUIC,1324
YouTube,4428,60.821196,172.30.1.1,172.30.1.250,QUIC,112
YouTube,4429,60.823706,172.30.1.1,172.30.1.250,QUIC,108
YouTube,4430,60.825506,172.30.1.250,172.30.1.1,QUIC,1324
YouTube,4431,60.82711,172.30.1.250,172.30.1.1,QUIC,1324
YouTube,4432,60.82722,172.30.1.250,172.30.1.1,QUIC,1324
YouTube,4433,60.827288,172.30.1.250,172.30.1.1,QUIC,1324
YouTube,4434,60.830205,172.30.1.250,172.30.1.1,QUIC,1324
YouTube,4435,60.83031,172.30.1.250,172.30.1.1,QUIC,1324
YouTube,4436,60.830376,172.30.1.250,172.30.1.1,QUIC,1324
YouTube,4437,60.830438,172.30.1.250,172.30.1.1,QUIC,1324
YouTube,4438,60.833624,172.30.1.250,172.30.1.1,QUIC,1324
YouTube,4439,60.833684,172.30.1.250,172.30.1.1,QUIC,1324
YouTube,4440,60.833839,172.30.1.1,172.30.1.250,QUIC,112
YouTube,4441,60.836595,172.30.1.250,172.30.1.1,QUIC,1324
YouTube,4442,60.836803,172.30.1.250,172.30.1.1,QUIC,1324
YouTube,4443,60.836914,172.30.1.250,172.30.1.1,QUIC,1324
YouTube,4444,60.837011,172.30.1.250,172.30.1.1,QUIC,1324
YouTube,4445,60.839448,172.30.1.250,172.30.1.1,QUIC,1324
YouTube,4446,60.839566,172.30.1.250,172.30.1.1,QUIC,1324
YouTube,4447,60.839657,172.30.1.250,172.30.1.1,QUIC,1324
YouTube,4448,60.839738,172.30.1.250,172.30.1.1,QUIC,1324
YouTube,4449,60.839882,172.30.1.250,172.30.1.1,QUIC,1324
YouTube,4450,60.842362,172.30.1.1,172.30.1.250,QUIC,112
YouTube,4451,60.842617,172.30.1.250,172.30.1.1,QUIC,1324
YouTube,4452,60.842833,172.30.1.250,172.30.1.1,QUIC,1324
YouTube,4453,60.851449,172.30.1.250,172.30.1.1,QUIC,1324
YouTube,4454,60.851597,172.30.1.250,172.30.1.1,QUIC,1324
YouTube,4455,60.851686,172.30.1.1,172.30.1.250,QUIC,112
YouTube,4456,60.851935,172.30.1.250,172.30.1.1,QUIC,1324
YouTube,4457,60.852034,172.30.1.250,172.30.1.1,QUIC,1324
YouTube,4458,60.852092,172.30.1.250,172.30.1.1,QUIC,1324
YouTube,4459,60.852148,172.30.1.250,172.30.1.1,QUIC,1324
YouTube,4460,60.855734,172.30.1.250,172.30.1.1,QUIC,1324
YouTube,4461,60.85585,172.30.1.250,172.30.1.1,QUIC,1324
YouTube,4462,60.855919,172.30.1.250,172.30.1.1,QUIC,1324
YouTube,4463,60.860631,172.30.1.1,172.30.1.250,QUIC,112
YouTube,4464,60.860865,172.30.1.250,172.30.1.1,QUIC,1324
YouTube,4465,60.861432,172.30.1.250,172.30.1.1,QUIC,1324
YouTube,4466,60.866884,172.30.1.250,172.30.1.1,QUIC,1324
YouTube,4467,60.868774,172.30.1.250,172.30.1.1,QUIC,1324
YouTube,4468,60.869374,172.30.1.1,172.30.1.250,QUIC,112
YouTube,4469,60.885565,172.30.1.250,172.30.1.1,QUIC,1324
YouTube,4470,60.894336,172.30.1.250,172.30.1.1,QUIC,1324
YouTube,4471,60.895142,172.30.1.1,172.30.1.250,QUIC,112
YouTube,4472,60.903813,172.30.1.1,172.30.1.250,QUIC,112
YouTube,4473,60.906487,172.30.1.250,172.30.1.1,QUIC,1324
YouTube,4474,60.910199,172.30.1.250,172.30.1.1,QUIC,1324
YouTube,4475,60.912153,172.30.1.250,172.30.1.1,QUIC,1324
YouTube,4476,60.912512,172.30.1.250,172.30.1.1,QUIC,1324
YouTube,4477,60.915187,172.30.1.1,172.30.1.250,QUIC,112
YouTube,4478,60.918817,172.30.1.250,172.30.1.1,QUIC,1324
YouTube,4479,60.919075,172.30.1.250,172.30.1.1,QUIC,1324
YouTube,4480,60.919196,172.30.1.250,172.30.1.1,QUIC,1324
YouTube,4481,60.919254,172.30.1.250,172.30.1.1,QUIC,1324
YouTube,4482,60.919307,172.30.1.250,172.30.1.1,QUIC,1324
YouTube,4483,60.922101,172.30.1.250,172.30.1.1,QUIC,1324
YouTube,4484,60.922199,172.30.1.250,172.30.1.1,QUIC,1324
YouTube,4485,60.922258,172.30.1.250,172.30.1.1,QUIC,1324
YouTube,4486,60.922329,172.30.1.250,172.30.1.1,QUIC,1324
YouTube,4487,60.922399,172.30.1.250,172.30.1.1,QUIC,1324
YouTube,4488,60.926267,172.30.1.250,172.30.1.1,QUIC,1324
YouTube,4489,60.92637,172.30.1.250,172.30.1.1,QUIC,1324
YouTube,4490,60.927983,172.30.1.1,172.30.1.250,QUIC,112
YouTube,4491,60.934501,172.30.1.250,172.30.1.1,QUIC,1324
YouTube,4492,60.934646,172.30.1.250,172.30.1.1,QUIC,1324
YouTube,4493,60.93471,172.30.1.250,172.30.1.1,QUIC,1324
YouTube,4494,60.934765,172.30.1.250,172.30.1.1,QUIC,1324
YouTube,4495,60.934818,172.30.1.250,172.30.1.1,QUIC,1324
YouTube,4496,60.93581,172.30.1.250,172.30.1.1,QUIC,1324
YouTube,4497,60.936006,172.30.1.250,172.30.1.1,QUIC,1324
YouTube,4498,60.936086,172.30.1.250,172.30.1.1,QUIC,1324
YouTube,4499,60.936143,172.30.1.250,172.30.1.1,QUIC,1324
YouTube,4500,60.939094,172.30.1.250,172.30.1.1,QUIC,1324
YouTube,4501,60.939189,172.30.1.250,172.30.1.1,QUIC,104
YouTube,4502,60.939262,172.30.1.250,172.30.1.1,QUIC,1324
YouTube,4503,60.939325,172.30.1.250,172.30.1.1,QUIC,1324
YouTube,4504,60.940543,172.30.1.1,172.30.1.250,QUIC,116
YouTube,4505,60.940841,172.30.1.1,172.30.1.250,QUIC,116
YouTube,4506,60.943619,172.30.1.250,172.30.1.1,QUIC,1324
YouTube,4507,60.944051,172.30.1.1,172.30.1.250,QUIC,116
YouTube,4508,60.945755,172.30.1.250,172.30.1.1,QUIC,1324
YouTube,4509,60.945848,172.30.1.250,172.30.1.1,QUIC,1324
YouTube,4510,60.94627,172.30.1.1,172.30.1.250,QUIC,116
YouTube,4511,60.948908,172.30.1.250,172.30.1.1,QUIC,1324
YouTube,4512,60.951814,172.30.1.250,172.30.1.1,QUIC,1324
YouTube,4513,60.954594,172.30.1.1,172.30.1.250,QUIC,116
YouTube,4514,60.963865,172.30.1.250,172.30.1.1,QUIC,1324
YouTube,4515,60.964019,172.30.1.250,172.30.1.1,QUIC,1324
YouTube,4516,60.966779,172.30.1.250,172.30.1.1,QUIC,1324
YouTube,4517,60.970273,172.30.1.250,172.30.1.1,QUIC,1324
YouTube,4518,60.973295,172.30.1.1,172.30.1.250,QUIC,112
YouTube,4519,60.977253,172.30.1.250,172.30.1.1,QUIC,1324
YouTube,4520,60.977575,172.30.1.250,172.30.1.1,QUIC,1324
YouTube,4521,60.980839,172.30.1.250,172.30.1.1,QUIC,1324
YouTube,4522,60.981008,172.30.1.250,172.30.1.1,QUIC,100
YouTube,4523,60.981107,172.30.1.250,172.30.1.1,QUIC,1324
YouTube,4524,60.981191,172.30.1.250,172.30.1.1,QUIC,884
YouTube,4525,60.985977,172.30.1.1,172.30.1.250,QUIC,112
