Timestamp,dl_mcs,dl_n_samples,dl_buffer [bytes],tx_brate downlink [Mbps],tx_pkts downlink,tx_errors downlink (%),dl_cqi,ul_mcs,ul_n_samples,ul_buffer [bytes],rx_brate uplink [Mbps],rx_pkts uplink,rx_errors uplink (%),ul_sinr,phr,sum_requested_prbs,sum_granted_prbs,ul_turbo_iters
1.66751E+12,0,3,0,0.001024,1,0,0.1,0,3,0,0.1,1,0,0,0,0,3,0
1.66751E+12,1.2,10,0,0.0008,2,0,9,12.8182,11,0,0.1,3,0,34.5693,31,0,9,1
1.66751E+12,0,9,0,0.00368,4,0,9,11.875,24,0,0.1,7,0,36.351,31,0,9,1
1.66751E+12,0,3,0,0.001568,1,0,9,13.7143,7,0,0.1,2,0,35.1547,31,0,3,1
1.66751E+12,14,4,0,0.012448,1,0,9,13.7143,7,0,0.1,2,0,34.8489,31,0,12,1
1.66751E+12,13.4,15,0,0.017728,4,0,9,14.1429,21,0,0.1,6,0,34.2382,31,0,18,1
1.66751E+12,14,12,0,0.014432,3,0,9,13.2857,14,0,0.1,4,0,35.6519,31,0,15,1
1.66751E+12,0,0,0,0,0,0,9,0,0,0,0,0,0,0,0,0,0,0
1.66751E+12,0,0,0,0,0,0,9,0,0,0,0,0,0,0,0,0,0,0
1.66751E+12,0,0,0,0,0,0,8.83333,0,0,0,0,0,0,0,0,0,0,0
1.66751E+12,0,0,0,0,0,0,9,0,0,0,0,0,0,0,0,0,0,0
1.66751E+12,0,0,0,0,0,0,9,0,0,0,0,0,0,0,0,0,0,0
1.66751E+12,0,0,0,0,0,0,9,0,0,0,0,0,0,0,0,0,0,0
1.66751E+12,0,0,0,0,0,0,9,0,0,0,0,0,0,0,0,0,0,0
1.66751E+12,0,0,0,0,0,0,9,0,0,0,0,0,0,0,0,0,0,0
1.66751E+12,11.5,8,0,0.008,2,0,9,14.7857,14,0,0.1,4,0,34.6664,31,0,9,1
1.66751E+12,13.1429,28,0,0.06112,8,0,9,14.9811,53,0,0.65088,15,0,31.9935,31,0,54,1
1.66751E+12,0,0,0,0,0,0,9,0,0,0,0,0,0,0,0,0,0,0
1.66751E+12,0,0,0,0,0,0,8.83333,0,0,0,0,0,0,0,0,0,0,0
1.66751E+12,0,3,0,0,0,0,9,13.7143,7,0,0.1,2,0,35.4693,31,0,12,1
1.66751E+12,13.1231,65,0,0.183264,19,0,9,15.1098,82,0,0.90208,23,0,32.424,31,11,150,1
1.66751E+12,0,0,0,0,0,0,9,0,0,0,0,0,0,0,0,0,0,0
1.66751E+12,16.2353,51,0,0.175008,13,0,9,15.4773,88,0,1.19242,25,0,31.5667,31,229,165,1
1.66751E+12,11.5,24,0,0.070976,8,0,9,15.45,60,0,0.772864,17,0,32.0773,31,30,57,1
1.66751E+12,15.75,120,0,0.556032,35,0,9,14.5179,56,0,0.421728,16,0,33.7933,31,473,429,1
1.66751E+12,12,7,0,0.004672,2,0,9,15.3696,46,0,0.61072,13,0,31.6816,31,6,6,1
1.66751E+12,0,0,0,0,0,0,9,0,0,0,0,0,0,0,0,0,0,0
1.66751E+12,12,10,0,0.031328,3,0,9,14.5714,7,0,0.1,2,0,34.6859,31,13,39,1
1.66751E+12,0,0,0,0,0,0,9,0,0,0,0,0,0,0,0,0,0,0
1.66751E+12,0,0,0,0,0,0,9,0,0,0,0,0,0,0,0,0,0,0
1.66751E+12,0,0,0,0,0,0,9,0,0,0,0,0,0,0,0,0,0,0
1.66751E+12,18,4,0,0.003872,1,0,9,12.8571,7,0,0.1,2,0,35.0336,31,3,3,1
1.66751E+12,15.2069,58,0,0.255392,17,0,9,15.0435,92,0,1.17715,26,0,31.9696,31,279,204,1
1.66751E+12,0,0,0,0,0,0,9,0,0,0,0,0,0,0,0,0,0,0
1.66751E+12,13.0769,13,0,0.010688,4,0,9,13.2857,14,0,0.1,4,0,35.2082,31,12,12,1
1.66751E+12,16.1957,46,0,0.214624,13,0,9,15.7176,85,0,1.19443,24,0,31.2896,31,306,159,1
1.66751E+12,0,3,0,0.02064,1,0,9,12.4286,7,0,0.1,2,0,35.8974,31,7,18,1
1.66751E+12,0,0,0,0,0,0,9,0,0,0,0,0,0,0,0,0,0,0
1.66751E+12,0,0,0,0,0,0,9,0,0,0,0,0,0,0,0,0,0,0
1.66751E+12,0,0,0,0,0,0,9,0,0,0,0,0,0,0,0,0,0,0
1.66751E+12,0,0,0,0,0,0,9,0,0,0,0,0,0,0,0,0,0,0
1.66751E+12,0,0,0,0,0,0,9,15.6957,46,144276,0.62224,13,0,31.6609,31,0,0,1
1.66751E+12,11.3571,14,0,0.008896,4,0,8.83333,15.0435,46,0,0.576864,13,0,31.835,31,12,12,1
1.66751E+12,0,3,0,0.001568,1,0,9,13.7143,7,0,0.1,2,0,35.9411,31,3,3,1
1.66751E+12,12.9,10,0,0.00752,3,0,9,12.8571,7,0,0.1,2,0,36.5128,31,9,9,1
1.66751E+12,0,0,0,0,0,0,9,0,0,0,0,0,0,0,0,0,0,0
1.66751E+12,0,0,0,0,0,0,9,0,0,0,0,0,0,0,0,0,0,0
1.66751E+12,0,0,0,0,0,0,9,0,0,0,0,0,0,0,0,0,0,0
1.66751E+12,0,0,0,0,0,0,9,0,0,0,0,0,0,0,0,0,0,0
1.66751E+12,0,0,0,0,0,0,9,0,0,0,0,0,0,0,0,0,0,0
1.66751E+12,0,0,0,0,0,0,9,0,0,0,0,0,0,0,0,0,0,0
1.66751E+12,0,0,0,0,0,0,9,0,0,0,0,0,0,0,0,0,0,0
1.66751E+12,0,0,0,0,0,0,9,0,0,0,0,0,0,0,0,0,0,0
1.66751E+12,0,0,0,0,0,0,9,0,0,0,0,0,0,0,0,0,0,0
1.66751E+12,0,0,0,0,0,0,9,0,0,0,0,0,0,0,0,0,0,0
1.66751E+12,0,0,0,0,0,0,9,0,0,0,0,0,0,0,0,0,0,0
1.66751E+12,0,0,0,0,0,0,9,0,0,0,0,0,0,0,0,0,0,0
1.66751E+12,0,0,0,0,0,0,9,0,0,0,0,0,0,0,0,0,0,0
1.66751E+12,0,0,0,0,0,0,9,15.8205,39,0,0.58224,11,0,30.818,31,0,0,1
1.66751E+12,13,32,0,0.02384,9,0,8.85714,14.3182,22,0,0.1,6,0,34.5387,31,27,27,1
1.66751E+12,12,4,0,0.002336,1,0,9,0,0,0,0,0,0,0,0,3,3,0
1.66751E+12,0,0,0,0,0,0,9,0,0,0,0,0,0,0,0,0,0,0
1.66751E+12,0,0,0,0,0,0,9,0,0,0,0,0,0,0,0,0,0,0
1.66751E+12,0,3,0,0.001568,1,0,9,13.7143,7,0,0.1,2,0,35.5865,31,3,3,1
1.66751E+12,14.5,8,0,0.006336,2,0,9,13.7143,7,0,0.1,2,0,34.615,31,6,6,1
1.66751E+12,0,0,0,0,0,0,9,0,0,0,0,0,0,0,0,0,0,0
1.66751E+12,0,0,0,0,0,0,9,0,0,0,0,0,0,0,0,0,0,0
1.66751E+12,0,0,0,0,0,0,9,0,0,0,0,0,0,0,0,0,0,0
1.66751E+12,0,0,0,0,0,0,9,0,0,0,0,0,0,0,0,0,0,0
1.66751E+12,0,0,0,0,0,0,9,0,0,0,0,0,0,0,0,0,0,0
1.66751E+12,0,0,0,0,0,0,9,0,0,0,0,0,0,0,0,0,0,0
1.66751E+12,0,0,0,0,0,0,9,15,4,0,0.1,1,0,34.2593,31,0,0,1
1.66751E+12,0,0,0,0,0,0,9,0,0,0,0,0,0,0,0,0,0,0
1.66751E+12,0,0,0,0,0,0,9,0,0,0,0,0,0,0,0,0,0,0
1.66751E+12,12,7,0,0.004672,2,0,9,15.8205,39,0,0.58224,11,0,30.9168,31,6,6,1
1.66751E+12,0,0,0,0,0,0,9,12.8571,7,0,0.1,2,0,35.6424,31,0,0,1
1.66751E+12,11.7647,17,0,0.012704,5,0,9,12.6667,15,0,0.1,4,0,35.9281,31,15,15,1
1.66751E+12,0,0,0,0,0,0,9,0,0,0,0,0,0,0,0,0,0,0
1.66751E+12,0,0,0,0,0,0,9,0,0,0,0,0,0,0,0,0,0,0
1.66751E+12,0,0,0,0,0,0,9,0,0,0,0,0,0,0,0,0,0,0
1.66751E+12,0,0,0,0,0,0,9,0,0,0,0,0,0,0,0,0,0,0
1.66751E+12,0,0,0,0,0,0,9,0,0,0,0,0,0,0,0,0,0,0
1.66751E+12,0,0,0,0,0,0,9,0,0,0,0,0,0,0,0,0,0,0
1.66751E+12,0,3,0,0.001568,1,0,9,13.7143,7,0,0.1,2,0,36.069,31,3,3,1
1.66751E+12,0,0,0,0,0,0,9,0,0,0,0,0,0,0,0,0,0,0
1.66751E+12,9,8,0,0.003648,2,0,9,14.5714,7,0,0.1,2,0,34.7637,31,6,6,1
1.66751E+12,0,3,0,0.002976,1,0,9,12.4286,7,0,0.1,2,0,35.6066,31,3,3,1
1.66751E+12,0,0,0,0,0,0,8.85714,0,0,0,0,0,0,0,0,0,0,0
1.66751E+12,0,0,0,0,0,0,9,0,0,0,0,0,0,0,0,0,0,0
1.66751E+12,0,0,0,0,0,0,9,0,0,0,0,0,0,0,0,0,0,0
1.66751E+12,0,0,0,0,0,0,9,15.8205,39,0,0.58224,11,0,31.1178,31,0,0,1
1.66751E+12,12.5455,11,0,0.007648,3,0,9,12.8571,14,0,0.1,4,0,34.9027,31,9,9,1
1.66751E+12,12.8182,11,0,0.00752,3,0,9,12.8571,7,0,0.1,2,0,35.877,31,9,9,1
1.66751E+12,0,0,0,0,0,0,9,0,0,0,0,0,0,0,0,0,0,0
1.66751E+12,0,0,0,0,0,0,9,0,0,0,0,0,0,0,0,0,0,0
1.66751E+12,0,0,0,0,0,0,8.85714,0,0,0,0,0,0,0,0,0,0,0
1.66751E+12,0,0,0,0,0,0,9,0,0,0,0,0,0,0,0,0,0,0
1.66751E+12,0,0,0,0,0,0,9,0,0,0,0,0,0,0,0,0,0,0
1.66751E+12,12,7,0,0.004672,2,0,8.83333,15.3696,46,0,0.605088,13,0,31.76,31,6,6,1
1.66751E+12,12.8182,11,0,0.00752,3,0,9,12.8571,7,0,0.1,2,0,35.5783,31,9,9,1
1.66751E+12,0,0,0,0,0,0,9,0,0,0,0,0,0,0,0,0,0,0
1.66751E+12,0,0,0,0,0,0,9,0,0,0,0,0,0,0,0,0,0,0
1.66751E+12,0,0,0,0,0,0,9,0,0,0,0,0,0,0,0,0,0,0
1.66751E+12,11.8824,17,0,0.046368,5,0,9,15.25,32,0,0.382656,9,0,32.634,31,25,51,1
1.66751E+12,12.0952,21,0,0.01488,6,0,9,14.0698,43,0,0.323552,12,0,33.6621,31,18,18,1
1.66751E+12,0,0,0,0,0,0,8.83333,0,0,0,0,0,0,0,0,0,0,0
1.66751E+12,0,0,0,0,0,0,9,0,0,0,0,0,0,0,0,0,0,0
1.66751E+12,0,0,0,0,0,0,8.71429,0,0,0,0,0,0,0,0,0,0,0
1.66751E+12,0,0,0,0,0,0,9,0,0,0,0,0,0,0,0,0,0,0
1.66751E+12,0,0,0,0,0,0,9,0,0,0,0,0,0,0,0,0,0,0
1.66751E+12,0,0,0,0,0,0,9,0,0,0,0,0,0,0,0,0,0,0
1.66751E+12,0,0,0,0,0,0,9,0,0,0,0,0,0,0,0,0,0,0
1.66751E+12,0,0,0,0,0,0,9,0,0,0,0,0,0,0,0,0,0,0
1.66751E+12,0,0,0,0,0,0,9,0,0,0,0,0,0,0,0,0,0,0
1.66751E+12,0,0,0,0,0,0,9,0,0,0,0,0,0,0,0,0,0,0
1.66751E+12,0,0,0,0,0,0,9,14.5714,7,0,0.1,2,0,35.465,31,0,0,1
1.66751E+12,15.0993,151,0,0.55968,43,0,9,15.6455,110,0,1.44608,31,0,31.6056,31,502,447,1
1.66751E+12,15.8267,75,227,0.343648,21,0,9,15.6591,88,0,1.23155,25,0,31.3728,31,304,273,1
1.66751E+12,17.0169,59,0,0.253024,17,0,9,13.8571,21,0,0.1,6,0,34.6117,31,255,186,1
1.66751E+12,14.3222,90,0,0.277472,26,0,8.85714,14.881,84,0,0.892352,24,0,32.5828,31,223,237,1
1.66751E+12,14.3934,61,0,0.242176,17,0,9,15.2453,53,0,0.61712,15,0,32.2766,31,223,186,1
1.66751E+12,14.2778,126,0,0.408832,36,0,9,15.62,150,0,2.10083,42,0,31.3133,31,315,348,1
1.66751E+12,13.8889,27,0,0.084096,8,0,9,15.5472,53,0,0.619808,15,0,32.0628,31,41,90,1
1.66751E+12,14.4387,155,0,0.556512,43,0,9,14.4272,103,0,1.0369,29,0,32.9552,31,652,468,1
1.66751E+12,17.9726,657,17358,4.17338,180,0,9,15.4768,151,179,2.02624,43,0,31.7222,31,8216,3174,1
1.66751E+12,17.8138,392,0,2.7217,120,0,9,15.275,80,0,0.923104,23,0,32.2221,31,4165,1851,1
1.66751E+12,15.8475,59,14398,0.10816,12,0,9,15.1875,64,0,0.677728,18,0,32.6069,31,320,186,1
1.66751E+12,17.3552,397,0,2.69299,118,0,8.85714,14.8243,74,0,0.717184,21,0,32.9785,31,4913,1965,1
1.66751E+12,10.3529,17,0,0.014272,6,0,9,14.3571,14,0,0.1,4,0,34.5715,31,15,15,1
1.66751E+12,0,0,0,0,0,0,9,0,0,0,0,0,0,0,0,0,0,0
1.66751E+12,0,0,0,0,0,0,9,0,0,0,0,0,0,0,0,0,0,0
1.66751E+12,0,0,0,0,0,0,9,0,0,0,0,0,0,0,0,0,0,0
1.66751E+12,0,0,0,0,0,0,8.83333,0,0,0,0,0,0,0,0,0,0,0
1.66751E+12,0,0,0,0,0,0,9,0,0,0,0,0,0,0,0,0,0,0
1.66751E+12,0,0,0,0,0,0,9,0,0,0,0,0,0,0,0,0,0,0
1.66751E+12,0,0,0,0,0,0,9,0,0,0,0,0,0,0,0,0,0,0
1.66751E+12,0,0,0,0,0,0,9,0,0,0,0,0,0,0,0,0,0,0
1.66751E+12,0,0,0,0,0,0,9,0,0,0,0,0,0,0,0,0,0,0
1.66751E+12,0,0,0,0,0,0,9,0,0,0,0,0,0,0,0,0,0,0
1.66751E+12,0,0,0,0,0,0,8.85714,0,0,0,0,0,0,0,0,0,0,0
1.66751E+12,0,0,0,0,0,0,9,0,0,0,0,0,0,0,0,0,0,0
1.66751E+12,0,0,0,0,0,0,9,0,0,0,0,0,0,0,0,0,0,0
1.66751E+12,0,0,0,0,0,0,9,0,0,0,0,0,0,0,0,0,0,0
1.66751E+12,0,0,0,0,0,0,9,0,0,0,0,0,0,0,0,0,0,0
1.66751E+12,9.92308,13,0,0.004544,2,0,9,14.1818,11,0,0.1,3,0,34.3843,31,12,12,1
1.66751E+12,0,0,0,0.003648,2,0,9,0,3,0,0.1,1,0,0,0,0,0,0
1.66751E+12,0,0,0,0,0,0,9,0,0,0,0,0,0,0,0,0,0,0
1.66751E+12,0,0,0,0,0,0,9,0,0,0,0,0,0,0,0,0,0,0
1.66751E+12,0,0,0,0,0,0,9,0,0,0,0,0,0,0,0,0,0,0
1.66751E+12,0,0,0,0,0,0,9,0,0,0,0,0,0,0,0,0,0,0
1.66751E+12,0,0,0,0,0,0,9,0,0,0,0,0,0,0,0,0,0,0
1.66751E+12,0,0,0,0,0,0,9,0,0,0,0,0,0,0,0,0,0,0
1.66751E+12,0,0,0,0,0,0,9,0,0,0,0,0,0,0,0,0,0,0
1.66751E+12,0,0,0,0,0,0,9,0,0,0,0,0,0,0,0,0,0,0
1.66751E+12,0,0,0,0,0,0,9,0,0,0,0,0,0,0,0,0,0,0
1.66751E+12,0,0,0,0,0,0,9,0,0,0,0,0,0,0,0,0,0,0
1.66751E+12,0,0,0,0,0,0,9,0,0,0,0,0,0,0,0,0,0,0
1.66751E+12,0,0,0,0,0,0,9,0,0,0,0,0,0,0,0,0,0,0
1.66751E+12,0,0,0,0,0,0,9,0,0,0,0,0,0,0,0,0,0,0
1.66751E+12,0,0,0,0,0,0,9,0,0,0,0,0,0,0,0,0,0,0
1.66751E+12,0,0,0,0,0,0,9,0,0,0,0,0,0,0,0,0,0,0
1.66751E+12,0,0,0,0,0,0,9,0,0,0,0,0,0,0,0,0,0,0
1.66751E+12,0,0,0,0,0,0,9,0,0,0,0,0,0,0,0,0,0,0
1.66751E+12,0,0,0,0,0,0,9,0,0,0,0,0,0,0,0,0,0,0
1.66751E+12,0,3,0,0.001568,1,0,8.83333,13.7143,7,0,0.1,2,0,35.83,31,3,3,1
1.66751E+12,0,0,0,0,0,0,9,0,0,0,0,0,0,0,0,0,0,0
1.66751E+12,0,0,0,0,0,0,9,12.8571,7,0,0.1,2,0,35.3004,31,0,0,1
1.66751E+12,12.5,10,0,0.007712,3,0,9,15.3696,46,0,0.597088,13,0,31.7534,31,9,9,1
1.66751E+12,13.878,82,0,0.276352,23,0,8.83333,14.6167,60,0,0.541728,17,0,32.9023,31,264,228,1
1.66751E+12,13.625,24,0,0.048864,7,0,9,15.1724,29,0,0.302976,8,0,32.6192,31,34,45,1
1.66751E+12,12.9146,82,0,0.277088,23,0,9,15.5189,106,0,1.34438,30,0,31.9949,31,368,234,1
1.66751E+12,15.2667,45,0,0.179392,10,0,9,15.5,46,0,0.591456,13,0,31.8221,31,326,186,1
1.66751E+12,11.7105,38,0,0.11728,15,0,9,15.1667,60,0,0.658592,17,0,32.6023,31,40,48,1
1.66751E+12,0,3,0,0.02064,1,0,9,12.4286,7,0,0.1,2,0,35.5126,31,7,18,1
1.66751E+12,0,0,0,0,0,0,9,0,0,0,0,0,0,0,0,0,0,0
1.66751E+12,0,0,0,0,0,0,9,0,0,0,0,0,0,0,0,0,0,0
1.66751E+12,0,0,0,0,0,0,9,0,0,0,0,0,0,0,0,0,0,0
1.66751E+12,14.1842,38,0,0.164704,11,0,9,15.5765,85,0,1.16518,24,0,31.4364,31,128,138,1
1.66751E+12,18.0588,17,0,0.113632,5,0,9,12.4286,7,0,0.1,2,0,34.4637,31,108,84,1
1.66751E+12,0,0,0,0,0,0,9,15,4,0,0.1,1,0,34.1615,31,0,0,1
1.66751E+12,0,0,0,0,0,0,9,0,0,0,0,0,0,0,0,0,0,0
1.66751E+12,0,0,0,0,0,0,9,0,0,0,0,0,0,0,0,0,0,0
1.66751E+12,0,0,0,0,0,0,9,0,0,0,0,0,0,0,0,0,0,0
1.66751E+12,0,0,0,0,0,0,9,0,0,0,0,0,0,0,0,0,0,0
1.66751E+12,10.2143,14,0,0.008192,4,0,9,14.1429,14,0,0.1,4,0,34.8965,31,12,12,1
1.66751E+12,0,0,0,0,0,0,9,0,0,0,0,0,0,0,0,0,0,0
1.66751E+12,0,0,0,0,0,0,9,0,0,0,0,0,0,0,0,0,0,0
1.66751E+12,0,0,0,0,0,0,9,0,0,0,0,0,0,0,0,0,0,0
1.66751E+12,0,0,0,0,0,0,9,0,0,0,0,0,0,0,0,0,0,0
1.66751E+12,11.36,25,0,0.016256,7,0,9,15.3208,53,0,0.625568,15,0,32.248,31,21,21,1
1.66751E+12,16.2297,74,0,0.394336,21,0,9,15.6304,46,0,0.614816,13,0,31.4399,31,589,303,1
1.66751E+12,0,0,0,0,0,0,9,0,0,0,0,0,0,0,0,0,0,0
1.66751E+12,0,0,0,0,0,0,9,0,0,0,0,0,0,0,0,0,0,0
1.66751E+12,0,0,0,0,0,0,9,0,0,0,0,0,0,0,0,0,0,0
1.66751E+12,0,0,0,0,0,0,9,0,0,0,0,0,0,0,0,0,0,0
1.66751E+12,0,0,0,0,0,0,9,0,0,0,0,0,0,0,0,0,0,0
1.66751E+12,0,0,0,0,0,0,8.83333,0,0,0,0,0,0,0,0,0,0,0
1.66751E+12,0,0,0,0,0,0,9,0,0,0,0,0,0,0,0,0,0,0
1.66751E+12,0,0,0,0,0,0,9,0,0,0,0,0,0,0,0,0,0,0
1.66751E+12,0,0,0,0,0,0,9,0,0,0,0,0,0,0,0,0,0,0
1.66751E+12,0,0,0,0,0,0,9,0,0,0,0,0,0,0,0,0,0,0
1.66751E+12,0,0,0,0,0,0,9,0,0,0,0,0,0,0,0,0,0,0
1.66751E+12,0,0,0,0,0,0,9,0,0,0,0,0,0,0,0,0,0,0
1.66751E+12,0,0,0,0,0,0,9,0,0,0,0,0,0,0,0,0,0,0
1.66751E+12,0,3,0,0.001568,1,0,9,13.7143,7,0,0.1,2,0,35.3076,31,3,3,1
1.66751E+12,0,0,0,0,0,0,9,0,0,0,0,0,0,0,0,0,0,0
1.66751E+12,0,0,0,0,0,0,8.83333,0,0,0,0,0,0,0,0,0,0,0
1.66751E+12,0,0,0,0,0,0,9,0,0,0,0,0,0,0,0,0,0,0
1.66751E+12,0,0,0,0,0,0,9,0,0,0,0,0,0,0,0,0,0,0
1.66751E+12,0,0,0,0,0,0,9,0,0,0,0,0,0,0,0,0,0,0
1.66751E+12,0,0,0,0,0,0,9,0,0,0,0,0,0,0,0,0,0,0
1.66751E+12,0,3,0,0.011424,1,0,9,13.7143,7,0,0.1,2,0,35.8896,31,4,18,1
1.66751E+12,14.4762,42,0,0.086048,9,0,9,15.8125,96,0,1.4615,27,0,30.8835,31,66,99,1
1.66751E+12,14.125,24,0,0.06912,10,0,9,13.4118,17,0,0.1,5,0,35.4185,31,30,51,1
1.66751E+12,0,0,0,0,0,0,9,0,0,0,0,0,0,0,0,0,0,0
1.66751E+12,0,0,0,0,0,0,9,0,0,0,0,0,0,0,0,0,0,0
1.66751E+12,0,0,0,0,0,0,9,0,0,0,0,0,0,0,0,0,0,0
1.66751E+12,0,0,0,0,0,0,9,0,0,0,0,0,0,0,0,0,0,0
1.66751E+12,0,0,0,0,0,0,9,0,0,0,0,0,0,0,0,0,0,0
1.66751E+12,0,0,0,0,0,0,9,0,0,0,0,0,0,0,0,0,0,0
1.66751E+12,0,0,0,0,0,0,9,0,0,0,0,0,0,0,0,0,0,0
1.66751E+12,0,0,0,0,0,0,9,0,0,0,0,0,0,0,0,0,0,0
1.66751E+12,0,0,0,0,0,0,9,0,0,0,0,0,0,0,0,0,0,0
1.66751E+12,0,0,0,0,0,0,9,0,0,0,0,0,0,0,0,0,0,0
1.66751E+12,9.92308,13,0,0.004544,2,0,9,14.4,15,0,0.1,4,0,34.8744,31,12,12,1
1.66751E+12,0,0,0,0.003648,2,0,9,0,3,0,0.1,1,0,0,0,0,0,0
1.66751E+12,0,3,0,0.001568,1,0,9,13.7143,7,0,0.1,2,0,35.6674,31,3,3,1
1.66751E+12,0,0,0,0,0,0,9,15,7,10783,0.1,2,0,34.0437,31,0,0,1
1.66751E+12,0,0,0,0,0,0,9,16,32,0,0.5304,9,0,30.3518,0,0,0,1
1.66751E+12,10.2,10,0,0.0048,2,0,8.83333,14.1818,11,0,0.1,3,0,34.8538,31,9,9,1
1.66751E+12,0,0,0,0.001568,1,0,9,0,3,0,0.1,1,0,0,0,0,0,0
1.66751E+12,0,3,0,0.001568,1,0,8.83333,13.7143,7,0,0.1,2,0,36.4573,31,3,3,1
1.66751E+12,0,0,0,0,0,0,9,0,0,0,0,0,0,0,0,0,0,0
1.66751E+12,0,0,0,0,0,0,8.85714,0,0,0,0,0,0,0,0,0,0,0
1.66751E+12,0,3,0,0.001824,1,0,9,0,0,0,0,0,0,0,0,3,3,0
1.66751E+12,10.5,10,0,0.006624,3,0,9,13.7143,7,0,0.1,2,0,34.6939,31,9,9,1
1.66751E+12,0,3,0,0.001568,1,0,9,13.7143,7,0,0.1,2,0,35.7895,31,3,3,1
1.66751E+12,9,4,0,0.001824,1,0,9,0,0,0,0,0,0,0,0,3,3,0
1.66751E+12,16,4,0,0,0,0,9,12.8571,7,0,0.1,2,0,35.1445,31,3,3,1
1.66751E+12,11.1429,14,0,0.01264,5,0,9,13.9286,14,0,0.1,4,0,35.2738,31,12,12,1
1.66751E+12,12.0588,17,0,0.012448,5,0,9,15,7,0,0.1,2,0,34.3068,31,15,15,1
1.66751E+12,13.1111,18,0,0.014656,5,0,9,13.2857,14,0,0.1,4,0,35.8776,31,15,15,1
1.66751E+12,0,0,0,0,0,0,9,0,0,0,0,0,0,0,0,0,0,0
1.66751E+12,0,0,0,0,0,0,9,0,0,0,0,0,0,0,0,0,0,0
1.66751E+12,16.2857,7,0,0.006848,2,0,9,12.8571,14,0,0.1,4,0,35.1833,31,6,6,1
1.66751E+12,0,0,0,0,0,0,9,0,0,0,0,0,0,0,0,0,0,0
1.66751E+12,0,0,0,0,0,0,9,0,0,0,0,0,0,0,0,0,0,0
1.66751E+12,0,0,0,0,0,0,9,0,0,0,0,0,0,0,0,0,0,0
1.66751E+12,0,0,0,0,0,0,9,12.8571,7,0,0.1,2,0,35.3975,31,0,0,1
1.66751E+12,0,0,0,0,0,0,9,0,0,0,0,0,0,0,0,0,0,0
1.66751E+12,0,0,0,0,0,0,9,0,0,0,0,0,0,0,0,0,0,0
1.66751E+12,0,0,0,0,0,0,9,0,0,0,0,0,0,0,0,0,0,0
1.66751E+12,10.6667,12,0,0.006624,3,0,9,15,4,0,0.1,1,0,34.8614,31,9,9,1
1.66751E+12,0,3,0,0.001568,1,0,9,13.2,10,0,0.1,3,0,35.6963,31,3,3,1
1.66751E+12,0,0,0,0,0,0,9,0,0,0,0,0,0,0,0,0,0,0
1.66751E+12,0,0,0,0,0,0,8.85714,0,0,0,0,0,0,0,0,0,0,0
1.66751E+12,0,0,0,0,0,0,9,12.8571,7,0,0.1,2,0,34.9978,31,0,0,1
1.66751E+12,0,0,0,0,0,0,9,0,0,0,0,0,0,0,0,0,0,0
1.66751E+12,0,3,0,0.001824,1,0,9,0,0,0,0,0,0,0,0,3,3,0
1.66751E+12,0,0,0,0,0,0,9,0,0,0,0,0,0,0,0,0,0,0
1.66751E+12,0,0,0,0,0,0,9,0,0,0,0,0,0,0,0,0,0,0
1.66751E+12,0,0,0,0,0,0,9,0,0,0,0,0,0,0,0,0,0,0
1.66751E+12,0,0,0,0,0,0,9,0,0,0,0,0,0,0,0,0,0,0
1.66751E+12,0,0,0,0,0,0,9,0,0,0,0,0,0,0,0,0,0,0
1.66751E+12,0,0,0,0,0,0,9,0,0,0,0,0,0,0,0,0,0,0
1.66751E+12,0,0,0,0,0,0,9,0,0,0,0,0,0,0,0,0,0,0
1.66751E+12,0,0,0,0,0,0,9,0,0,0,0,0,0,0,0,0,0,0
1.66751E+12,9,10,0,0.005472,3,0,9,15.9184,49,0,0.758336,14,0,30.8991,31,9,9,1
1.66751E+12,15,4,0,0.02064,1,0,9,15,4,0,0.1,1,0,33.7743,31,7,18,1
1.66751E+12,11.8571,7,0,0.02016,2,0,9,14.9184,49,0,0.5888,14,0,31.9872,31,10,21,1
1.66751E+12,12,14,0,0.009536,4,0,9,14.5714,7,0,0.1,2,0,35.5861,31,12,12,1
1.66751E+12,0,0,0,0,0,0,9,0,0,0,0,0,0,0,0,0,0,0
1.66751E+12,0,3,0,0.001824,1,0,9,13.7143,7,0,0.1,2,0,35.0181,31,3,3,1
1.66751E+12,0,3,0,0.001568,1,0,9,14.5714,7,0,0.1,2,0,34.9292,31,3,3,1
1.66751E+12,0,0,0,0,0,0,9,0,0,0,0,0,0,0,0,0,0,0
1.66751E+12,0,0,0,0,0,0,9,0,0,0,0,0,0,0,0,0,0,0
1.66751E+12,0,0,0,0,0,0,9,0,0,0,0,0,0,0,0,0,0,0
1.66751E+12,0,0,0,0,0,0,9,0,0,0,0,0,0,0,0,0,0,0
1.66751E+12,8.71429,14,51,0,0,0,9,0,0,0,0,0,0,0,0,13,27,0
1.66751E+12,11,27,0,0.033504,12,0,9,15.5765,85,0,1.1744,24,0,31.4354,31,24,24,1
1.66751E+12,12.7059,17,0,0.042656,5,0,9,14.1429,14,0,0.1,4,0,34.6612,31,21,45,1
1.66751E+12,0,0,0,0,0,0,9,14.1429,7,0,0.1,2,0,35.0519,31,0,0,1
1.66751E+12,0,9,0,0.015264,3,0,9,15.2653,49,0,0.599808,14,0,32.2143,31,10,24,1
1.66751E+12,17.2903,31,0,0.171744,9,0,9,13.0714,14,0,0.1,4,0,35.8206,31,202,132,1
1.66751E+12,15.4314,51,357,0.063712,8,0,9,15.7805,82,0,1.20058,23,0,31.1611,31,297,180,1
1.66751E+12,12.2632,19,0,0.248736,13,0,9,15.0962,52,0,0.624736,15,0,32.2589,31,34,78,1
1.66751E+12,15.4068,59,0,0.25008,17,0,9,13.5938,32,0,0.1192,9,0,34.9179,31,259,195,1
1.66751E+12,0,0,0,0,0,0,9,0,0,0,0,0,0,0,0,0,0,0
1.66751E+12,12.0909,11,0,0.005632,2,0,9,13.3333,18,0,0.1,5,0,35.3905,31,9,9,1
1.66751E+12,15.8095,42,0,0.227808,13,0,9,15.6061,99,0,1.42752,28,0,31.2458,31,192,180,1
1.66751E+12,0,0,0,0,0,0,9,0,0,0,0,0,0,0,0,0,0,0
1.66751E+12,15.1429,7,0,0.006592,2,0,9,13.2857,14,0,0.1,4,0,34.5769,31,6,6,1
1.66751E+12,11,4,0,0.002016,1,0,9,0,0,0,0,0,0,0,0,3,3,0
1.66751E+12,0,3,0,0.001568,1,0,9,13.7143,7,0,0.1,2,0,35.3519,31,3,3,1
1.66751E+12,0,0,0,0,0,0,9,0,0,0,0,0,0,0,0,0,0,0
1.66751E+12,0,0,0,0,0,0,9,0,0,0,0,0,0,0,0,0,0,0
1.66751E+12,0,0,0,0,0,0,9,0,0,0,0,0,0,0,0,0,0,0
1.66751E+12,0,0,0,0,0,0,9,0,0,0,0,0,0,0,0,0,0,0
1.66751E+12,0,0,0,0,0,0,9,0,0,0,0,0,0,0,0,0,0,0
1.66751E+12,0,0,0,0,0,0,9,0,0,0,0,0,0,0,0,0,0,0
1.66751E+12,0,0,0,0,0,0,9,0,0,0,0,0,0,0,0,0,0,0
1.66751E+12,0,0,0,0,0,0,9,0,0,0,0,0,0,0,0,0,0,0
1.66751E+12,0,0,0,0,0,0,9,0,0,0,0,0,0,0,0,0,0,0
1.66751E+12,0,0,0,0,0,0,9,0,0,0,0,0,0,0,0,0,0,0
1.66751E+12,0,0,0,0,0,0,9,0,0,0,0,0,0,0,0,0,0,0
1.66751E+12,0,0,0,0,0,0,9,0,0,0,0,0,0,0,0,0,0,0
1.66751E+12,0,0,0,0,0,0,9,0,0,0,0,0,0,0,0,0,0,0
1.66751E+12,0,0,0,0,0,0,9,0,0,0,0,0,0,0,0,0,0,0
1.66751E+12,0,0,0,0,0,0,9,0,0,0,0,0,0,0,0,0,0,0
1.66751E+12,0,0,0,0,0,0,8.83333,0,0,0,0,0,0,0,0,0,0,0
1.66751E+12,0,0,0,0,0,0,9,0,0,0,0,0,0,0,0,0,0,0
1.66751E+12,0,0,0,0,0,0,9,0,0,0,0,0,0,0,0,0,0,0
1.66751E+12,0,0,0,0,0,0,9,0,0,0,0,0,0,0,0,0,0,0
1.66751E+12,0,0,0,0,0,0,9,0,0,0,0,0,0,0,0,0,0,0
1.66751E+12,0,3,0,0.001568,1,0,9,13.7143,7,0,0.1,2,0,35.7076,31,3,3,1
1.66751E+12,10.5,10,0,0.006624,3,0,9,13.5,14,0,0.1,4,0,35.4613,31,9,9,1
1.66751E+12,0,0,0,0,0,0,8.83333,0,0,0,0,0,0,0,0,0,0,0
1.66751E+12,0,0,0,0,0,0,9,0,0,0,0,0,0,0,0,0,0,0
1.66751E+12,0,0,0,0,0,0,9,0,0,0,0,0,0,0,0,0,0,0
1.66751E+12,0,3,0,0.001824,1,0,9,0,0,0,0,0,0,0,0,3,3,0
1.66751E+12,0,0,0,0,0,0,9,0,0,0,0,0,0,0,0,0,0,0
1.66751E+12,0,0,0,0,0,0,9,0,0,0,0,0,0,0,0,0,0,0
1.66751E+12,0,0,0,0,0,0,9,0,0,0,0,0,0,0,0,0,0,0
1.66751E+12,0,0,0,0,0,0,9,0,0,0,0,0,0,0,0,0,0,0
1.66751E+12,0,0,0,0,0,0,9,0,0,0,0,0,0,0,0,0,0,0
1.66751E+12,10.7143,7,0,0.004544,2,0,9,0,0,0,0,0,0,0,0,6,6,0
1.66751E+12,0,0,0,0,0,0,9,0,0,0,0,0,0,0,0,0,0,0
1.66751E+12,0,0,0,0,0,0,9,0,0,0,0,0,0,0,0,0,0,0
1.66751E+12,0,0,0,0,0,0,9,0,0,0,0,0,0,0,0,0,0,0
1.66751E+12,0,0,0,0,0,0,9,0,0,0,0,0,0,0,0,0,0,0
1.66751E+12,0,0,0,0,0,0,9,0,0,0,0,0,0,0,0,0,0,0
1.66751E+12,0,0,0,0,0,0,9,0,0,0,0,0,0,0,0,0,0,0
1.66751E+12,0,0,0,0,0,0,9,0,0,0,0,0,0,0,0,0,0,0
1.66751E+12,0,0,0,0,0,0,9,0,0,0,0,0,0,0,0,0,0,0
1.66751E+12,8.7,10,0,0.005216,3,0,9,13.0714,14,0,0.1,4,0,35.4751,31,9,9,1
1.66751E+12,0,0,0,0,0,0,9,0,0,0,0,0,0,0,0,0,0,0
1.66751E+12,0,0,0,0,0,0,9,0,0,0,0,0,0,0,0,0,0,0
1.66751E+12,0,0,0,0,0,0,9,0,0,0,0,0,0,0,0,0,0,0
1.66751E+12,0,3,0,0.001824,1,0,9,14.5714,7,0,0.1,2,0,34.0249,31,3,3,1
1.66751E+12,12.2857,21,0,0.017024,6,0,9,13.2857,14,0,0.1,4,0,35.1938,31,18,18,1
1.66751E+12,9,4,0,0.001824,1,0,9,12.8571,7,0,0.1,2,0,34.8924,31,3,3,1
1.66751E+12,11.4884,43,0,0.044224,12,0,9,15.6824,85,0,1.19942,24,0,31.1898,31,40,51,1
1.66751E+12,0,0,0,0,0,0,9,0,0,0,0,0,0,0,0,0,0,0
1.66751E+12,13.7143,14,0,0.015584,4,0,8.85714,12.4286,7,0,0.1,2,0,36.2073,31,15,15,1
1.66751E+12,0,0,0,0,0,0,9,0,0,0,0,0,0,0,0,0,0,0
1.66751E+12,0,0,0,0,0,0,9,0,0,0,0,0,0,0,0,0,0,0
1.66751E+12,0,0,0,0,0,0,9,0,0,0,0,0,0,0,0,0,0,0
1.66751E+12,0,0,0,0,0,0,9,0,0,0,0,0,0,0,0,0,0,0
1.66751E+12,0,0,0,0,0,0,9,0,0,0,0,0,0,0,0,0,0,0
1.66751E+12,0,0,0,0,0,0,9,0,0,0,0,0,0,0,0,0,0,0
1.66751E+12,0,0,0,0,0,0,9,0,0,0,0,0,0,0,0,0,0,0
1.66751E+12,0,0,0,0,0,0,9,0,0,0,0,0,0,0,0,0,0,0
1.66751E+12,0,0,0,0,0,0,9,0,0,0,0,0,0,0,0,0,0,0
1.66751E+12,0,3,0,0.001824,1,0,9,0,0,0,0,0,0,0,0,3,3,0
1.66751E+12,0,3,0,0.001568,1,0,9,13.7143,7,0,0.1,2,0,36.1889,31,3,3,1
1.66751E+12,0,0,0,0,0,0,9,0,0,0,0,0,0,0,0,0,0,0
1.66751E+12,0,0,0,0,0,0,9,0,0,0,0,0,0,0,0,0,0,0
1.66751E+12,0,0,0,0,0,0,9,0,0,0,0,0,0,0,0,0,0,0
1.66751E+12,0,0,0,0,0,0,9,0,0,0,0,0,0,0,0,0,0,0
1.66751E+12,10,8,0,0.00384,2,0,9,15.3696,46,0,0.597088,13,0,31.8848,31,6,6,1
1.66751E+12,15.6111,54,0,0.27296,15,0,9,14.898,49,0,0.592128,14,0,32.3487,31,307,210,1
1.66751E+12,0,0,0,0,0,0,9,0,0,0,0,0,0,0,0,0,0,0
1.66751E+12,0,0,0,0,0,0,9,0,0,0,0,0,0,0,0,0,0,0
1.66751E+12,0,0,0,0,0,0,9,0,0,0,0,0,0,0,0,0,0,0
1.66751E+12,0,0,0,0,0,0,9,0,0,0,0,0,0,0,0,0,0,0
1.66751E+12,0,0,0,0,0,0,9,0,0,0,0,0,0,0,0,0,0,0
1.66751E+12,0,0,0,0,0,0,9,0,0,0,0,0,0,0,0,0,0,0
1.66751E+12,0,0,0,0,0,0,9,0,0,0,0,0,0,0,0,0,0,0
1.66751E+12,0,0,0,0,0,0,9,0,0,0,0,0,0,0,0,0,0,0
1.66751E+12,0,0,0,0,0,0,9,0,0,0,0,0,0,0,0,0,0,0
1.66751E+12,0,0,0,0,0,0,9,0,0,0,0,0,0,0,0,0,0,0
1.66751E+12,0,0,0,0,0,0,9,0,0,0,0,0,0,0,0,0,0,0
1.66751E+12,10.1429,7,0,0.00384,2,0,9,12.4286,7,0,0.1,2,0,36.1241,31,6,6,1
1.66751E+12,0,0,0,0,0,0,9,0,0,0,0,0,0,0,0,0,0,0
1.66751E+12,0,3,0,0.001568,1,0,9,13.7143,7,0,0.1,2,0,35.0493,31,3,3,1
1.66751E+12,0,6,0,0.01632,2,0,9,13.0714,14,0,0.1,4,0,35.9737,31,8,21,1
1.66751E+12,0,3,0,0.001824,1,0,9,14.5714,14,0,0.1,4,0,34.3016,31,3,3,1
1.66751E+12,13.4507,71,0,0.155936,20,0,9,15.5652,92,0,1.3032,26,0,31.4761,31,136,135,1
1.66751E+12,13,25,0,0.040608,7,0,9,15.8205,39,0,0.577312,11,0,31.1488,31,28,36,1
1.66751E+12,14.8065,31,0,0.119584,9,0,9,13.7727,22,0,0.1,6,0,34.7917,31,88,102,1
1.66751E+12,0,0,0,0,0,0,9,0,0,0,0,0,0,0,0,0,0,0
1.66751E+12,16.2857,7,0,0,0,0,9,0,0,0,0,0,0,0,0,19,30,0
1.66751E+12,0,0,0,0.03616,2,0,9,12.4286,7,0,0.1,2,0,35.8608,31,0,0,1
1.66751E+12,14.75,32,0,0.103392,9,0,9,15.64,50,0,0.62848,14,0,31.736,31,86,81,1
1.66751E+12,14.3265,49,0,0.155168,14,0,9,14.8679,53,0,0.615968,15,0,32.622,31,127,126,1
1.66751E+12,16.0461,152,643,0.733184,42,0,8.85714,15.7,110,0,1.53597,31,0,31.4062,31,1217,576,1
1.66751E+12,18.4176,364,23357,2.51251,102,0,9,15.1739,92,0,1.1632,26,0,31.9461,31,4822,1848,1
1.66751E+12,18.0025,407,0,2.78755,119,0,9,14.1795,39,144276,0.148704,11,0,34.7807,31,5043,1962,1
1.66751E+12,12.6786,56,0,0.071168,16,0,9,15.4941,85,0,1.16051,24,0,31.6596,31,61,72,1
1.66751E+12,0,3,0,0.001568,1,0,9,13.7143,7,0,0.1,2,0,35.2298,31,3,3,1
1.66751E+12,0,0,0,0,0,0,9,0,0,0,0,0,0,0,0,0,0,0
1.66751E+12,0,0,0,0,0,0,9,0,0,0,0,0,0,0,0,0,0,0
1.66751E+12,0,0,0,0,0,0,9,0,0,0,0,0,0,0,0,0,0,0
1.66751E+12,0,0,0,0,0,0,9,0,0,0,0,0,0,0,0,0,0,0
1.66751E+12,0,0,0,0,0,0,9,0,0,0,0,0,0,0,0,0,0,0
1.66751E+12,0,0,0,0,0,0,9,15.8205,39,0,0.606208,11,0,30.9268,31,0,0,1
1.66751E+12,14.7593,54,0,0.141472,14,0,9,15.0139,72,0,0.755424,20,0,32.6086,31,103,123,1
1.66751E+12,0,0,0,0.002336,1,0,9,0,0,0,0,0,0,0,0,0,0,0
1.66751E+12,0,3,0,0,0,0,9,15.8205,39,0,0.58224,11,0,30.9489,31,3,3,1
1.66751E+12,12,4,0,0.004672,2,0,9,12.8571,7,0,0.1,2,0,34.6735,31,3,3,1
1.66751E+12,12.9,10,0,0.00752,3,0,9,12.8571,7,0,0.1,2,0,34.5069,31,9,9,1
1.66751E+12,0,0,0,0,0,0,9,0,0,0,0,0,0,0,0,0,0,0
1.66751E+12,0,0,0,0,0,0,9,0,0,0,0,0,0,0,0,0,0,0
1.66751E+12,0,0,0,0,0,0,9,0,0,0,0,0,0,0,0,0,0,0
1.66751E+12,0,0,0,0,0,0,9,0,0,0,0,0,0,0,0,0,0,0
1.66751E+12,0,0,0,0,0,0,9,0,0,0,0,0,0,0,0,0,0,0
1.66751E+12,0,0,0,0,0,0,9,0,0,0,0,0,0,0,0,0,0,0
1.66751E+12,0,0,0,0,0,0,9,0,0,0,0,0,0,0,0,0,0,0
1.66751E+12,0,0,0,0,0,0,9,0,0,0,0,0,0,0,0,0,0,0
1.66751E+12,0,3,0,0.001568,1,0,9,13.7143,7,0,0.1,2,0,35.2597,31,3,3,1
1.66751E+12,0,0,0,0,0,0,9,0,0,0,0,0,0,0,0,0,0,0
1.66751E+12,0,0,0,0,0,0,9,0,0,0,0,0,0,0,0,0,0,0
1.66751E+12,0,0,0,0,0,0,9,0,0,0,0,0,0,0,0,0,0,0
1.66751E+12,0,0,0,0,0,0,9,0,0,0,0,0,0,0,0,0,0,0
1.66751E+12,0,0,0,0,0,0,9,0,0,0,0,0,0,0,0,0,0,0
1.66751E+12,12,7,0,0.004672,2,0,9,15.3696,46,0,0.602016,13,0,31.6471,31,6,6,1
1.66751E+12,13.2857,7,0,0.005184,2,0,9,0,0,0,0,0,0,0,0,6,6,0
1.66751E+12,12.8182,11,0,0.00752,3,0,9,13.6364,11,0,0.1,3,0,34.9128,31,9,9,1
1.66751E+12,0,0,0,0,0,0,9,0,0,0,0,0,0,0,0,0,0,0
1.66751E+12,0,0,0,0,0,0,9,0,0,0,0,0,0,0,0,0,0,0
1.66751E+12,0,0,0,0,0,0,9,0,0,0,0,0,0,0,0,0,0,0
1.66751E+12,0,0,0,0,0,0,9,0,0,0,0,0,0,0,0,0,0,0
1.66751E+12,0,0,0,0,0,0,9,0,0,0,0,0,0,0,0,0,0,0
1.66751E+12,0,0,0,0,0,0,9,0,0,0,0,0,0,0,0,0,0,0
1.66751E+12,0,0,0,0,0,0,9,0,0,0,0,0,0,0,0,0,0,0
1.66751E+12,0,0,0,0,0,0,9,0,0,0,0,0,0,0,0,0,0,0
1.66751E+12,0,0,0,0,0,0,9,0,0,0,0,0,0,0,0,0,0,0
1.66751E+12,0,0,0,0,0,0,9,15.8205,39,0,0.585312,11,0,31.1071,31,0,0,1
1.66751E+12,12,7,0,0.004672,2,0,8.83333,12.8571,7,0,0.1,2,0,35.1437,31,6,6,1
1.66751E+12,11.8182,11,0,0.00752,3,0,9,12.8571,7,0,0.1,2,0,35.4889,31,9,9,1
1.66751E+12,0,3,0,0.001568,1,0,9,13.7143,7,0,0.1,2,0,34.8127,31,3,3,1
1.66751E+12,0,0,0,0,0,0,9,0,0,0,0,0,0,0,0,0,0,0
1.66751E+12,0,0,0,0,0,0,9,0,0,0,0,0,0,0,0,0,0,0
1.66751E+12,16.5,10,0,0.064288,3,0,9,12.6429,14,0,0.1,4,0,35.0265,31,30,54,1
1.66751E+12,12.8571,21,0,0.036,6,0,9,13.5714,21,0,0.1,6,0,34.7809,31,26,39,1
1.66751E+12,12.8571,7,0,0.003872,1,0,9,12.8571,7,0,0.1,2,0,35.3613,31,6,6,1
1.66751E+12,0,9,0,0.008032,4,0,9,12.8571,14,0,0.1,4,0,35.7338,31,9,9,1
1.66751E+12,0,3,0,0.002336,1,0,9,12.8571,7,0,0.1,2,0,35.8196,31,3,3,1
1.66751E+12,0,0,0,0,0,0,8.83333,0,0,0,0,0,0,0,0,0,0,0
1.66751E+12,0,0,0,0,0,0,9,0,0,0,0,0,0,0,0,0,0,0
1.66751E+12,0,0,0,0,0,0,9,0,0,0,0,0,0,0,0,0,0,0
1.66751E+12,0,0,0,0,0,0,9,0,0,0,0,0,0,0,0,0,0,0
1.66751E+12,0,0,0,0,0,0,9,0,0,0,0,0,0,0,0,0,0,0
1.66751E+12,0,0,0,0,0,0,9,0,0,0,0,0,0,0,0,0,0,0
1.66751E+12,0,0,0,0,0,0,9,0,0,0,0,0,0,0,0,0,0,0
1.66751E+12,0,0,0,0,0,0,9,12.8571,7,0,0.1,2,0,35.4885,31,0,0,1
1.66751E+12,12.2,25,0,0.017696,7,0,8.83333,15.3684,57,0,0.672128,16,0,31.9422,31,21,21,1
1.66751E+12,18.1111,18,0,0.075616,3,0,9,12.4286,7,0,0.1,2,0,35.5667,31,116,87,1
1.66751E+12,10.7692,13,0,0.065088,6,0,8.83333,15.6957,46,0,0.619424,13,0,31.5247,31,16,30,1
1.66751E+12,0,0,0,0,0,0,9,0,0,0,0,0,0,0,0,0,0,0
1.66751E+12,9.9,10,0,0.017888,3,0,9,15.5,46,0,0.610336,13,0,31.4797,31,11,24,1
1.66751E+12,10.8824,17,0,0.036,5,0,9,15,14,144276,0.103008,4,0,33.4147,31,21,48,1
1.66751E+12,12.2857,7,0,0.017856,2,0,9,15.359,39,0,0.556192,11,0,31.3924,31,10,24,1
1.66751E+12,0,0,0,0,0,0,9,0,0,0,0,0,0,0,0,0,0,0
1.66751E+12,0,0,0,0,0,0,9,0,0,0,0,0,0,0,0,0,0,0
1.66751E+12,0,0,0,0,0,0,9,0,0,0,0,0,0,0,0,0,0,0
1.66751E+12,0,0,0,0,0,0,9,0,0,0,0,0,0,0,0,0,0,0
1.66751E+12,0,3,0,0.001824,1,0,9,13.7143,7,0,0.1,2,0,35.1547,31,3,3,1
1.66751E+12,9,4,0,0.011424,1,0,9,0,0,0,0,0,0,0,0,4,18,0
1.66751E+12,0,0,0,0,0,0,9,0,0,0,0,0,0,0,0,0,0,0
1.66751E+12,0,0,0,0,0,0,9,0,0,0,0,0,0,0,0,0,0,0
1.66751E+12,0,0,0,0,0,0,9,0,0,0,0,0,0,0,0,0,0,0
1.66751E+12,0,0,0,0,0,0,9,0,0,0,0,0,0,0,0,0,0,0
1.66751E+12,0,0,0,0,0,0,9,0,0,0,0,0,0,0,0,0,0,0
1.66751E+12,0,0,0,0,0,0,9,0,0,0,0,0,0,0,0,0,0,0
1.66751E+12,0,0,0,0,0,0,9,0,0,0,0,0,0,0,0,0,0,0
1.66751E+12,0,0,0,0,0,0,9,0,0,0,0,0,0,0,0,0,0,0
1.66751E+12,0,0,0,0,0,0,9,0,0,0,0,0,0,0,0,0,0,0
1.66751E+12,0,0,0,0,0,0,9,0,0,0,0,0,0,0,0,0,0,0
1.66751E+12,0,0,0,0,0,0,9,0,0,0,0,0,0,0,0,0,0,0
1.66751E+12,0,3,0,0.001568,1,0,9,13.7143,7,0,0.1,2,0,35.6915,31,3,3,1
1.66751E+12,0,0,0,0,0,0,9,0,0,0,0,0,0,0,0,0,0,0
1.66751E+12,0,0,0,0,0,0,9,0,0,0,0,0,0,0,0,0,0,0
1.66751E+12,0,0,0,0,0,0,9,0,0,0,0,0,0,0,0,0,0,0
1.66751E+12,0,0,0,0,0,0,9,0,0,0,0,0,0,0,0,0,0,0
1.66751E+12,0,0,0,0,0,0,8.83333,0,0,0,0,0,0,0,0,0,0,0
1.66751E+12,12,4,0,0.002336,1,0,9,12.8571,7,0,0.1,2,0,35.8849,31,3,3,1
1.66751E+12,9,4,0,0.001824,1,0,9,0,0,0,0,0,0,0,0,3,3,0
1.66751E+12,0,0,0,0,0,0,9,0,0,0,0,0,0,0,0,0,0,0
1.66751E+12,0,0,0,0,0,0,9,0,0,0,0,0,0,0,0,0,0,0
1.66751E+12,0,0,0,0,0,0,9,0,0,0,0,0,0,0,0,0,0,0
1.66751E+12,0,0,0,0,0,0,9,0,0,0,0,0,0,0,0,0,0,0
1.66751E+12,0,0,0,0,0,0,9,0,0,0,0,0,0,0,0,0,0,0
1.66751E+12,0,0,0,0,0,0,9,0,0,0,0,0,0,0,0,0,0,0
1.66751E+12,0,0,0,0,0,0,9,0,0,0,0,0,0,0,0,0,0,0
1.66751E+12,0,0,0,0,0,0,9,0,0,0,0,0,0,0,0,0,0,0
1.66751E+12,0,0,0,0,0,0,9,0,0,0,0,0,0,0,0,0,0,0
1.66751E+12,0,0,0,0,0,0,9,0,0,0,0,0,0,0,0,0,0,0
1.66751E+12,0,0,0,0,0,0,9,0,0,0,0,0,0,0,0,0,0,0
1.66751E+12,0,0,0,0,0,0,9,0,0,0,0,0,0,0,0,0,0,0
1.66751E+12,0,3,0,0.001568,1,0,9,13.7143,14,0,0.1,4,0,35.1162,31,3,3,1
1.66751E+12,16.0408,196,0,1.00515,56,0,9,15.4737,95,135248,1.13101,27,0,32.1221,31,1158,795,1
1.66751E+12,14.7143,210,0,0.37904,59,0,9,16,875,147655,14.9592,250,0,30.4294,31,351,360,1
1.66751E+12,14.3712,132,0,0.140224,37,0,9,15.9879,659,1923,11.1367,188,0,30.4213,31,116,144,1
1.66751E+12,13.9252,147,0,0.131136,44,0,8.83333,15.9721,574,0,9.69258,164,0,30.5179,31,126,126,1
1.66751E+12,13.405,121,0,0.11568,33,0,9,15.9415,564,0,9.45632,161,0,30.5354,31,105,132,1
1.66751E+12,13.9162,191,0,0.172992,53,0,9,15.8498,446,35263,7.31606,127,0,30.6758,31,166,180,1
1.66751E+12,13.8148,135,0,0.121344,38,0,9,15.9804,612,34751,10.3749,175,0,30.4906,31,118,132,1
1.66751E+12,13.8205,195,0,0.201952,57,0,8.83333,15.9887,705,0,11.957,201,0,30.4841,31,170,225,1
1.66751E+12,13.5865,133,13,0.124608,35,0,9,15.9864,588,0,9.96214,168,0,30.4985,31,120,162,1
1.66751E+12,12.5833,132,0,0.128576,40,0,9,15.8785,469,0,7.78848,134,0,30.607,31,113,141,1
1.66751E+12,13.5188,160,91,0.16496,46,0,9,15.8536,526,42991,8.7608,150,0,30.6333,31,142,183,1
1.66751E+12,13.0216,139,0,0.135264,42,0,9,15.8575,456,0,7.48499,130,0,30.613,31,122,150,1
1.66751E+12,13.3333,39,0,0.035328,8,0,9,12.375,32,0,0.1,9,0,35.9784,31,35,48,1
1.66751E+12,13.2,10,0,0.01664,6,0,9,12.4286,14,0,0.1,4,0,36.0678,31,9,9,1
1.66751E+12,13.6071,28,0,0.02304,8,0,9,15.8113,159,0,2.45635,45,0,30.8663,31,24,24,1
1.66751E+12,13.2,20,0,0.01664,6,0,9,13.3636,11,0,0.1,3,0,35.0687,31,18,18,1
1.66751E+12,0,0,0,0,0,0,9,0,3,0,0.1,1,0,0,0,0,0,0
1.66751E+12,0,0,0,0,0,0,9,0,0,0,0,0,0,0,0,0,0,0
1.66751E+12,9,4,0,0.001824,1,0,9,14.5714,7,0,0.1,2,0,35.2022,31,3,3,1
1.66751E+12,13.3125,16,0,0.0136,5,0,9,12.8571,21,0,0.1,6,0,35.4629,31,15,15,1
1.66751E+12,0,0,0,0,0,0,9,0,0,0,0,0,0,0,0,0,0,0
1.66751E+12,0,0,0,0,0,0,9,0,0,0,0,0,0,0,0,0,0,0
1.66751E+12,0,0,0,0,0,0,9,0,0,0,0,0,0,0,0,0,0,0
1.66751E+12,0,0,0,0,0,0,9,0,0,0,0,0,0,0,0,0,0,0
1.66751E+12,0,0,0,0,0,0,9,0,0,0,0,0,0,0,0,0,0,0
1.66751E+12,0,0,0,0,0,0,9,0,0,0,0,0,0,0,0,0,0,0
1.66751E+12,0,3,0,0.002336,1,0,9,12.8571,7,0,0.1,2,0,35.3646,31,3,3,1
1.66751E+12,0,0,0,0,0,0,9,0,0,0,0,0,0,0,0,0,0,0
1.66751E+12,0,0,0,0,0,0,9,0,0,0,0,0,0,0,0,0,0,0
1.66751E+12,0,0,0,0,0,0,9,0,0,0,0,0,0,0,0,0,0,0
1.66751E+12,0,0,0,0,0,0,8.85714,15,4,0,0.1,1,0,34.41,31,0,0,1
1.66751E+12,0,0,0,0,0,0,9,0,0,0,0,0,0,0,0,0,0,0
1.66751E+12,0,0,0,0,0,0,9,0,0,0,0,0,0,0,0,0,0,0
1.66751E+12,0,0,0,0,0,0,9,0,0,0,0,0,0,0,0,0,0,0
1.66751E+12,0,0,0,0,0,0,9,0,0,0,0,0,0,0,0,0,0,0
1.66751E+12,0,0,0,0,0,0,9,0,0,0,0,0,0,0,0,0,0,0
1.66751E+12,0,0,0,0,0,0,9,0,0,0,0,0,0,0,0,0,0,0
1.66751E+12,0,0,0,0,0,0,9,0,0,0,0,0,0,0,0,0,0,0
1.66751E+12,0,0,0,0,0,0,9,0,0,0,0,0,0,0,0,0,0,0
1.66751E+12,0,3,0,0.001568,1,0,9,13.7143,7,0,0.1,2,0,35.5679,31,3,3,1
1.66751E+12,12,10,0,0.0072,3,0,9,13.8571,21,0,0.1,6,0,35.182,31,9,9,1
1.66751E+12,14.9211,38,0,0.187808,11,0,9,15.5652,46,0,0.605984,13,0,31.676,31,140,153,1
1.66751E+12,0,0,0,0,0,0,9,0,0,0,0,0,0,0,0,0,0,0
1.66751E+12,0,0,0,0,0,0,9,0,0,0,0,0,0,0,0,0,0,0
1.66751E+12,0,3,0,0,0,0,9,15,4,0,0.1,1,0,33.426,31,3,3,1
1.66751E+12,0,0,0,0.001568,1,0,9,0,3,0,0.1,1,0,0,0,0,0,0
1.66751E+12,0,3,0,0.001568,1,0,9,13.7143,7,0,0.1,2,0,35.0714,31,3,3,1
1.66751E+12,15.2857,14,0,0.056224,4,0,9,0,0,0,0,0,0,0,0,36,42,0
1.66751E+12,11.5,14,0,0.010144,4,0,9,0,0,0,0,0,0,0,0,12,12,0
1.66751E+12,0,0,0,0,0,0,9,12.8571,7,0,0.1,2,0,36.1466,31,0,0,1
1.66751E+12,14.1594,69,51,0.239424,18,0,9,15.2931,58,0,0.644928,16,0,32.1838,31,243,237,1
1.66751E+12,10.75,36,0,0.054336,12,0,9,15.5568,88,0,1.22074,25,0,31.4987,31,30,30,1
1.66751E+12,16.7143,7,0,0.03616,2,0,9,12.4286,7,0,0.1,2,0,35.4646,31,19,30,1
1.66751E+12,0,0,0,0,0,0,9,0,0,0,0,0,0,0,0,0,0,0
1.66751E+12,0,3,0,0.001824,1,0,9,0,0,0,0,0,0,0,0,3,3,0
1.66751E+12,0,0,0,0,0,0,9,0,0,0,0,0,0,0,0,0,0,0
1.66751E+12,0,0,0,0,0,0,9,0,0,0,0,0,0,0,0,0,0,0
1.66751E+12,0,0,0,0,0,0,9,15,4,0,0.1,1,0,34.4132,31,0,0,1
1.66751E+12,0,0,0,0,0,0,9,0,0,0,0,0,0,0,0,0,0,0
1.66751E+12,0,0,0,0,0,0,9,0,0,0,0,0,0,0,0,0,0,0
1.66751E+12,0,0,0,0,0,0,9,0,0,0,0,0,0,0,0,0,0,0
1.66751E+12,0,0,0,0,0,0,9,0,0,0,0,0,0,0,0,0,0,0
1.66751E+12,0,0,0,0,0,0,9,0,0,0,0,0,0,0,0,0,0,0
1.66751E+12,0,0,0,0,0,0,9,0,0,0,0,0,0,0,0,0,0,0
1.66751E+12,0,0,0,0,0,0,9,15.8205,39,0,0.606208,11,0,30.8281,31,0,0,1
1.66751E+12,15.575,40,0,0.114816,12,0,9,15.2041,49,0,0.544288,14,0,32.3953,31,64,102,1
1.66751E+12,10.8,10,0,0.00624,3,0,9,15.3333,36,0,0.425728,10,0,32.3343,31,9,9,1
1.66751E+12,10.7143,7,0,0.01376,2,0,9,13.4667,15,0,0.1,4,0,34.9377,31,7,21,1
1.66751E+12,0,0,0,0,0,0,9,0,0,0,0,0,0,0,0,0,0,0
1.66751E+12,0,0,0,0,0,0,9,0,0,0,0,0,0,0,0,0,0,0
1.66751E+12,0,0,0,0,0,0,9,0,0,0,0,0,0,0,0,0,0,0
1.66751E+12,0,0,0,0,0,0,9,0,0,0,0,0,0,0,0,0,0,0
1.66751E+12,0,0,0,0,0,0,9,0,0,0,0,0,0,0,0,0,0,0
1.66751E+12,0,0,0,0,0,0,9,0,0,0,0,0,0,0,0,0,0,0
1.66751E+12,0,0,0,0,0,0,9,0,0,0,0,0,0,0,0,0,0,0
1.66751E+12,9,4,0,0.001824,1,0,9,0,0,0,0,0,0,0,0,3,3,0
1.66751E+12,0,0,0,0,0,0,9,0,0,0,0,0,0,0,0,0,0,0
1.66751E+12,0,0,0,0,0,0,9,0,0,0,0,0,0,0,0,0,0,0
1.66751E+12,0,0,0,0,0,0,9,0,0,0,0,0,0,0,0,0,0,0
1.66751E+12,18,4,0,0.003872,1,0,8.85714,12.8571,7,0,0.1,2,0,35.8019,31,3,3,1
1.66751E+12,13.5769,26,0,0.039712,7,0,9,15.337,92,0,1.19328,26,0,31.8451,31,26,36,1
1.66751E+12,0,0,0,0,0,0,9,0,0,0,0,0,0,0,0,0,0,0
1.66751E+12,0,0,0,0,0,0,9,0,0,0,0,0,0,0,0,0,0,0
1.66751E+12,0,0,0,0,0,0,9,0,0,0,0,0,0,0,0,0,0,0
1.66751E+12,0,0,0,0,0,0,9,0,0,0,0,0,0,0,0,0,0,0
1.66751E+12,0,0,0,0,0,0,9,0,0,0,0,0,0,0,0,0,0,0
1.66751E+12,0,3,0,0.001568,1,0,9,13.7143,7,0,0.1,2,0,36.1388,31,3,3,1
1.66751E+12,10,8,0,0.00384,2,0,9,13.9286,14,144276,0.1,4,0,35.4242,31,6,6,1
1.66751E+12,15.8824,34,0,0.159104,10,0,9,15.7568,74,0,1.11222,21,0,31.0864,31,160,120,1
1.66751E+12,16.4643,28,0,0.111232,8,0,9,12.4286,14,0,0.1,4,0,35.677,31,74,87,1
1.66751E+12,9.83333,18,0,0.00992,5,0,9,13.7143,7,0,0.1,2,0,34.2644,31,15,15,1
1.66751E+12,0,0,0,0,0,0,9,0,0,0,0,0,0,0,0,0,0,0
1.66751E+12,0,3,0,0.001568,1,0,9,13.7143,7,0,0.1,2,0,35.0162,31,3,3,1
1.66751E+12,0,0,0,0,0,0,9,0,0,0,0,0,0,0,0,0,0,0
1.66751E+12,0,0,0,0,0,0,9,0,0,0,0,0,0,0,0,0,0,0
1.66751E+12,0,0,0,0,0,0,9,0,0,0,0,0,0,0,0,0,0,0
1.66751E+12,0,0,0,0,0,0,9,0,0,0,0,0,0,0,0,0,0,0
1.66751E+12,0,3,0,0.002336,1,0,9,12.8571,7,0,0.1,2,0,35.845,31,3,3,1
1.66751E+12,0,3,0,0.001568,1,0,9,13.7143,7,0,0.1,2,0,35.0942,31,3,3,1
1.66751E+12,0,0,0,0,0,0,9,0,0,0,0,0,0,0,0,0,0,0
1.66751E+12,0,0,0,0,0,0,9,0,0,0,0,0,0,0,0,0,0,0
1.66751E+12,0,0,0,0,0,0,9,0,0,0,0,0,0,0,0,0,0,0
1.66751E+12,0,0,0,0,0,0,9,0,0,0,0,0,0,0,0,0,0,0
1.66751E+12,0,0,0,0,0,0,9,0,0,0,0,0,0,0,0,0,0,0
1.66751E+12,0,0,0,0,0,0,9,0,0,0,0,0,0,0,0,0,0,0
1.66751E+12,0,3,0,0.011424,1,0,9,15.5,46,0,0.626368,13,0,31.6514,31,4,18,1
1.66751E+12,12.9245,53,0,0.135456,15,0,9,14.8333,60,0,0.647456,17,0,32.5662,31,97,120,1
1.66751E+12,16,46,0,0.155712,13,0,9,13.6667,15,0,0.1,4,0,35.6577,31,115,117,1
1.66751E+12,0,0,0,0,0,0,9,0,0,0,0,0,0,0,0,0,0,0
1.66751E+12,0,0,0,0,0,0,9,0,0,0,0,0,0,0,0,0,0,0
1.66751E+12,0,0,0,0,0,0,9,0,0,0,0,0,0,0,0,0,0,0
1.66751E+12,0,0,0,0,0,0,9,0,0,0,0,0,0,0,0,0,0,0
1.66751E+12,0,0,0,0,0,0,9,0,0,0,0,0,0,0,0,0,0,0
1.66751E+12,0,0,0,0,0,0,9,0,0,0,0,0,0,0,0,0,0,0
1.66751E+12,0,0,0,0,0,0,9,0,0,0,0,0,0,0,0,0,0,0
1.66751E+12,0,0,0,0,0,0,9,0,0,0,0,0,0,0,0,0,0,0
1.66751E+12,0,0,0,0,0,0,9,0,0,0,0,0,0,0,0,0,0,0
1.66751E+12,0,0,0,0,0,0,9,0,0,0,0,0,0,0,0,0,0,0
1.66751E+12,0,3,0,0.001568,1,0,9,13.7143,7,0,0.1,2,0,35.7888,31,3,3,1
1.66751E+12,0,0,0,0,0,0,9,0,0,0,0,0,0,0,0,0,0,0
1.66751E+12,0,0,0,0,0,0,9,0,0,0,0,0,0,0,0,0,0,0
1.66751E+12,0,0,0,0,0,0,9,0,0,0,0,0,0,0,0,0,0,0
1.66751E+12,0,0,0,0,0,0,9,0,0,0,0,0,0,0,0,0,0,0
1.66751E+12,0,0,0,0,0,0,9,0,0,0,0,0,0,0,0,0,0,0
1.66751E+12,12,4,0,0.002336,1,0,9,12.8571,7,0,0.1,2,0,35.1513,31,3,3,1
1.66751E+12,12,4,0,0.002336,1,0,9,12.8571,7,0,0.1,2,0,35.3549,31,3,3,1
1.66751E+12,0,0,0,0,0,0,9,0,0,0,0,0,0,0,0,0,0,0
1.66751E+12,0,0,0,0,0,0,9,0,0,0,0,0,0,0,0,0,0,0
1.66751E+12,0,0,0,0,0,0,9,0,0,0,0,0,0,0,0,0,0,0
1.66751E+12,0,3,0,0.001824,1,0,9,0,0,0,0,0,0,0,0,3,3,0
1.66751E+12,0,0,0,0,0,0,9,0,0,0,0,0,0,0,0,0,0,0
1.66751E+12,0,0,0,0,0,0,9,0,0,0,0,0,0,0,0,0,0,0
1.66751E+12,0,0,0,0,0,0,9,0,0,0,0,0,0,0,0,0,0,0
1.66751E+12,0,0,0,0,0,0,9,0,0,0,0,0,0,0,0,0,0,0
1.66751E+12,0,0,0,0,0,0,8.83333,0,0,0,0,0,0,0,0,0,0,0
1.66751E+12,0,0,0,0,0,0,9,0,0,0,0,0,0,0,0,0,0,0
1.66751E+12,0,0,0,0,0,0,9,0,0,0,0,0,0,0,0,0,0,0
1.66751E+12,0,0,0,0,0,0,8.83333,0,0,0,0,0,0,0,0,0,0,0
1.66751E+12,0,0,0,0,0,0,9,0,0,0,0,0,0,0,0,0,0,0
1.66751E+12,0,3,0,0.001568,1,0,9,13.7143,7,0,0.1,2,0,35.8166,31,3,3,1
1.66751E+12,0,0,0,0,0,0,9,0,0,0,0,0,0,0,0,0,0,0
1.66751E+12,0,0,0,0,0,0,9,0,0,0,0,0,0,0,0,0,0,0
1.66751E+12,0,0,0,0,0,0,9,0,0,0,0,0,0,0,0,0,0,0
1.66751E+12,0,0,0,0,0,0,9,0,0,0,0,0,0,0,0,0,0,0
1.66751E+12,0,0,0,0,0,0,8.83333,0,0,0,0,0,0,0,0,0,0,0
1.66751E+12,0,0,0,0,0,0,9,0,0,0,0,0,0,0,0,0,0,0
1.66751E+12,0,0,0,0,0,0,8.83333,0,0,0,0,0,0,0,0,0,0,0
1.66751E+12,0,0,0,0,0,0,9,0,0,0,0,0,0,0,0,0,0,0
1.66751E+12,0,0,0,0,0,0,9,0,0,0,0,0,0,0,0,0,0,0
1.66751E+12,0,0,0,0,0,0,9,0,0,0,0,0,0,0,0,0,0,0
1.66751E+12,0,0,0,0,0,0,9,0,0,0,0,0,0,0,0,0,0,0
1.66751E+12,0,0,0,0,0,0,9,0,0,0,0,0,0,0,0,0,0,0
1.66751E+12,0,0,0,0,0,0,9,0,0,0,0,0,0,0,0,0,0,0
1.66751E+12,0,0,0,0,0,0,9,0,0,0,0,0,0,0,0,0,0,0
1.66751E+12,0,0,0,0,0,0,9,0,0,0,0,0,0,0,0,0,0,0
1.66751E+12,0,0,0,0,0,0,9,0,0,0,0,0,0,0,0,0,0,0
1.66751E+12,0,0,0,0,0,0,9,0,0,0,0,0,0,0,0,0,0,0
1.66751E+12,0,0,0,0,0,0,9,0,0,0,0,0,0,0,0,0,0,0
1.66751E+12,0,0,0,0,0,0,9,0,0,0,0,0,0,0,0,0,0,0
1.66751E+12,0,3,0,0.001568,1,0,9,13.7143,7,0,0.1,2,0,35.078,31,3,3,1
1.66751E+12,0,0,0,0,0,0,9,0,0,0,0,0,0,0,0,0,0,0
1.66751E+12,0,0,0,0,0,0,9,0,0,0,0,0,0,0,0,0,0,0
1.66751E+12,0,0,0,0,0,0,9,0,0,0,0,0,0,0,0,0,0,0
1.66751E+12,12,4,0,0.002336,1,0,9,12.8571,7,0,0.1,2,0,35.0073,31,3,3,1
1.66751E+12,0,3,0,0.001568,1,0,9,13.7143,7,0,0.1,2,0,35.4955,31,3,3,1
1.66751E+12,0,3,0,0.001568,1,0,9,13.7143,7,0,0.1,2,0,35.6236,31,3,3,1
1.66751E+12,0,0,0,0,0,0,9,0,0,0,0,0,0,0,0,0,0,0
1.66751E+12,0,0,0,0,0,0,9,0,0,0,0,0,0,0,0,0,0,0
1.66751E+12,0,0,0,0,0,0,8.83333,0,0,0,0,0,0,0,0,0,0,0
1.66751E+12,0,3,0,0.002336,1,0,9,12.8571,7,0,0.1,2,0,35.5506,31,3,3,1
1.66751E+12,0,3,0,0.001568,1,0,9,13.7143,7,0,0.1,2,0,35.7468,31,3,3,1
1.66751E+12,0,3,0,0.001568,1,0,9,13.7143,7,0,0.1,2,0,35.4215,31,3,3,1
1.66751E+12,0,0,0,0,0,0,9,0,0,0,0,0,0,0,0,0,0,0
1.66751E+12,0,0,0,0,0,0,9,0,0,0,0,0,0,0,0,0,0,0
1.66751E+12,0,0,0,0,0,0,9,0,0,0,0,0,0,0,0,0,0,0
1.66751E+12,0,3,0,0.002336,1,0,9,12.8571,7,0,0.1,2,0,36.1624,31,3,3,1
1.66751E+12,0,0,0,0,0,0,9,0,0,0,0,0,0,0,0,0,0,0
1.66751E+12,15.381,42,0,0.229312,12,0,9,14.8833,60,0,0.63664,17,0,32.8487,31,169,186,1
1.66751E+12,9.64103,39,0,0.048736,11,0,9,15.6957,46,0,0.625056,13,0,31.1987,31,39,63,1
1.66751E+12,0,3,0,0.02064,1,0,8.85714,12.4286,7,0,0.1,2,0,35.9128,31,7,18,1
1.66751E+12,0,0,0,0,0,0,9,0,0,0,0,0,0,0,0,0,0,0
1.66751E+12,0,0,0,0,0,0,9,0,0,0,0,0,0,0,0,0,0,0
1.66751E+12,0,0,0,0,0,0,9,0,0,0,0,0,0,0,0,0,0,0
1.66751E+12,0,0,0,0,0,0,9,0,0,0,0,0,0,0,0,0,0,0
1.66751E+12,0,0,0,0,0,0,8.83333,0,0,0,0,0,0,0,0,0,0,0
1.66751E+12,0,0,0,0,0,0,9,0,0,0,0,0,0,0,0,0,0,0
1.66751E+12,0,0,0,0,0,0,9,0,0,0,0,0,0,0,0,0,0,0
1.66751E+12,0,0,0,0,0,0,9,0,0,0,0,0,0,0,0,0,0,0
1.66751E+12,0,0,0,0,0,0,9,13.7143,7,0,0.1,2,0,35.1701,31,0,0,1
1.66751E+12,14.8333,42,0,0.09936,11,0,9,15.7037,81,0,1.13072,23,0,31.4643,31,68,108,1
1.66751E+12,12,4,0,0.020672,2,0,9,12.8571,7,0,0.1,2,0,34.5176,31,3,3,1
1.66751E+12,0,0,0,0,0,0,9,0,0,0,0,0,0,0,0,0,0,0
1.66751E+12,0,3,0,0.001568,1,0,9,13.7143,7,0,0.1,2,0,35.4789,31,3,3,1
1.66751E+12,0,3,0,0.001568,1,0,9,13.7143,7,0,0.1,2,0,35.3511,31,3,3,1
1.66751E+12,0,0,0,0,0,0,9,0,0,0,0,0,0,0,0,0,0,0
1.66751E+12,0,0,0,0,0,0,9,0,0,0,0,0,0,0,0,0,0,0
1.66751E+12,0,0,0,0,0,0,9,0,0,0,0,0,0,0,0,0,0,0
1.66751E+12,0,3,0,0.002336,1,0,9,12.8571,7,0,0.1,2,0,36.0787,31,3,3,1
1.66751E+12,0,3,0,0.011424,1,0,9,12.8571,14,0,0.1,4,0,35.1048,31,4,18,1
1.66751E+12,14.15,40,0,0.169056,11,0,9,15.4906,53,0,0.63312,15,0,31.9043,31,103,138,1
1.66751E+12,13.4,15,0,0.062784,4,0,9,15.6304,46,0,0.633792,13,0,31.7104,31,31,57,1
1.66751E+12,14.7143,7,0,0.037248,2,0,9,12.4286,7,0,0.1,2,0,35.1792,31,17,36,1
1.66751E+12,0,0,0,0,0,0,9,0,0,0,0,0,0,0,0,0,0,0
1.66751E+12,0,0,0,0,0,0,9,0,0,0,0,0,0,0,0,0,0,0
1.66751E+12,0,0,0,0,0,0,9,0,0,0,0,0,0,0,0,0,0,0
1.66751E+12,12,4,0,0.002336,1,0,9,13.7143,14,0,0.1,4,0,35.1493,31,3,3,1
1.66751E+12,0,0,0,0,0,0,8.83333,0,0,0,0,0,0,0,0,0,0,0
1.66751E+12,0,0,0,0,0,0,9,0,0,0,0,0,0,0,0,0,0,0
1.66751E+12,0,0,0,0,0,0,9,0,0,0,0,0,0,0,0,0,0,0
1.66751E+12,0,0,0,0,0,0,9,0,0,0,0,0,0,0,0,0,0,0
1.66751E+12,0,0,0,0,0,0,9,0,0,0,0,0,0,0,0,0,0,0
1.66751E+12,0,0,0,0,0,0,9,0,0,0,0,0,0,0,0,0,0,0
1.66751E+12,0,0,0,0,0,0,9,12.8571,7,0,0.1,2,0,34.4276,31,0,0,1
1.66751E+12,11.5,32,0,0.021504,9,0,9,15.4659,88,0,1.17315,25,0,31.6239,31,27,27,1
1.66751E+12,13.5,10,0,0.026336,3,0,9,14.1429,7,0,0.1,2,0,35.5692,31,13,24,1
1.66751E+12,0,3,0,0.001824,1,0,9,0,0,0,0,0,0,0,0,3,3,0
1.66751E+12,6,4,0,0.001024,1,0,0.1,0.1,4,0,0.1,1,0,30.9272,0,0,3,1
1.66751E+12,1.2,10,0,0.001376,3,0,9,11.5714,14,0,0.1,4,0,35.5094,31,0,9,1
1.66751E+12,0,6,0,0.003136,2,0,9,12,14,0,0.1,4,0,36.4922,31,0,6,1
1.66751E+12,0,0,0,0,0,0,9,12.1429,7,0,0.1,2,0,35.2991,31,0,0,1
1.66751E+12,0,6,0,0.00384,2,0,9,15,7,144276,0.1,2,0,33.5405,31,0,6,1
1.66751E+12,10.8182,11,0,0.012768,3,0,9,15.8986,69,0,1.10541,20,0,30.6495,31,0,15,1
1.66751E+12,14.5,8,0,0.026816,2,0,9,13.8571,7,0,0.1,2,0,35.057,31,0,24,1
1.66751E+12,8,4,0,0.001568,1,0,9,13.2857,7,0,0.1,2,0,35.3083,31,0,3,1
1.66751E+12,0,0,0,0,0,0,9,0,0,0,0,0,0,0,0,0,0,0
1.66751E+12,0,0,0,0,0,0,9,0,0,0,0,0,0,0,0,0,0,0
1.66751E+12,12.4286,7,0,0.01888,2,0,9,12.7143,21,0,0.1,6,0,36.3059,31,0,18,1
1.66751E+12,13,4,0,0.008096,1,0,9,12.1429,7,0,0.1,2,0,36.1271,31,0,9,1
1.66751E+12,0,0,0,0,0,0,9,0,0,0,0,0,0,0,0,0,0,0
1.66751E+12,0,0,0,0,0,0,9,0,0,0,0,0,0,0,0,0,0,0
1.66751E+12,0,0,0,0,0,0,9,0,0,0,0,0,0,0,0,0,0,0
1.66751E+12,0,0,0,0,0,0,9,12.1429,7,0,0.1,2,0,35.2547,31,0,0,1
1.66751E+12,0,6,0,0.00384,2,0,9,15.7083,24,0,0.333088,7,0,31.3666,31,0,6,1
1.66751E+12,14.8611,36,0,0.167775,10,0,9,15.6512,86,0,1.23865,25,0,31.3513,31,0,129,1
1.66751E+12,0,0,0,0,0,0,9,0,0,0,0,0,0,0,0,0,0,0
1.66751E+12,14.5,18,0,0.056928,5,0,9,13.8571,14,0,0.1,4,0,35.8344,31,0,48,1
1.66751E+12,18.1636,55,0,0.382848,16,0,9,13,13,0,0.1,4,0,35.2006,31,135,279,1
1.66751E+12,12.6829,287,0,1.38717,82,0,8.14286,14.9423,52,0,0.590624,15,0,32.7259,31,3063,1434,1
1.66751E+12,0,0,0,0,0,0,9,0,0,0,0,0,0,0,0,0,0,0
1.66751E+12,0,12,0,0.00768,4,0,9,15.5962,52,0,0.664288,15,0,31.8268,31,12,12,1
1.66751E+12,0,0,0,0,0,0,9,0,0,0,0,0,0,0,0,0,0,0
1.66751E+12,18.3333,42,0,0.294784,12,0,9,0,0,0,0,0,0,0,0,464,213,0
1.66751E+12,11.5,18,0,0.036,5,0,8.83333,15.1864,59,0,0.657056,17,0,32.2973,31,19,45,1
1.66751E+12,13.0556,18,0,0.065888,5,0,9,12.3333,21,0,0.1,6,0,35.7341,31,48,63,1
1.66751E+12,15.5667,30,0,0.153568,9,0,8.83333,15.1556,45,0,0.596192,13,0,31.7881,31,180,117,1
1.66751E+12,10.5,8,0,0.01632,2,0,9,15.25,24,0,0.253248,7,0,32.7155,31,8,21,1
1.66751E+12,17.7143,7,0,0.043584,2,0,9,11.5714,7,0,0.1,2,0,35.09,31,23,33,1
1.66751E+12,0,0,0,0,0,0,9,0,0,0,0,0,0,0,0,0,0,0
1.66751E+12,0,0,0,0,0,0,9,0,0,0,0,0,0,0,0,0,0,0
1.66751E+12,0,0,0,0,0,0,9,0,0,0,0,0,0,0,0,0,0,0
1.66751E+12,14.8462,13,0,0.064288,3,0,9,12.6,10,0,0.1,3,0,36.136,31,44,57,1
1.66751E+12,0,0,0,0.001824,1,0,9,9,4,0,0.1,1,0,36.4049,0,0,0,1
1.66751E+12,0,0,0,0,0,0,9,0,0,0,0,0,0,0,0,0,0,0
1.66751E+12,0,0,0,0,0,0,9,0,0,0,0,0,0,0,0,0,0,0
1.66751E+12,0,0,0,0,0,0,9,0,0,0,0,0,0,0,0,0,0,0
1.66751E+12,0,0,0,0,0,0,9,0,0,0,0,0,0,0,0,0,0,0
1.66751E+12,0,0,0,0,0,0,9,0,0,0,0,0,0,0,0,0,0,0
1.66751E+12,12.9,10,0,0.008096,3,0,9,11.5714,7,0,0.1,2,0,35.0039,31,9,9,1
1.66751E+12,0,0,0,0,0,0,9,0,0,0,0,0,0,0,0,0,0,0
1.66751E+12,0,0,0,0,0,0,9,0,0,0,0,0,0,0,0,0,0,0
1.66751E+12,0,0,0,0,0,0,9,0,0,0,0,0,0,0,0,0,0,0
1.66751E+12,0,0,0,0,0,0,9,0,0,0,0,0,0,0,0,0,0,0
1.66751E+12,0,0,0,0,0,0,9,0,0,0,0,0,0,0,0,0,0,0
1.66751E+12,8,4,0,0.001568,1,0,9,13.2857,7,0,0.1,2,0,36.8737,31,3,3,1
1.66751E+12,6,4,0,0.001024,1,0,0.1,0.1,4,0,0.1,1,0,30.2605,0,0,3,1
1.66751E+12,1.2,10,0,0.0008,2,0,9,12.8182,11,0,0.1,3,0,34.7496,31,0,9,1
1.66751E+12,0,6,0,0.003712,3,0,9,11.1176,17,0,0.1,5,0,36.1006,31,0,6,1
1.66751E+12,0,3,0,0.001568,1,0,9,13.7143,7,0,0.1,2,0,36.2051,31,0,3,1
1.66751E+12,0,0,0,0,0,0,8.83333,0,0,0,0,0,0,0,0,0,0,0
1.66751E+12,0,0,0,0,0,0,9,0,0,0,0,0,0,0,0,0,0,0
1.66751E+12,0,0,0,0,0,0,9,0,0,0,0,0,0,0,0,0,0,0
1.66751E+12,0,0,0,0,0,0,9,0,0,0,0,0,0,0,0,0,0,0
1.66751E+12,0,0,0,0,0,0,9,0,0,0,0,0,0,0,0,0,0,0
1.66751E+12,0,12,0,0.014784,4,0,9,15.3696,46,0,0.597088,13,0,31.6993,31,0,18,1
1.66751E+12,12.3077,13,0,0.029952,4,0,9,15.6304,46,0,0.600544,13,0,31.5189,31,0,30,1
1.66751E+12,0,3,0,0.001568,1,0,9,14.2222,18,0,0.1,5,0,34.6733,31,0,3,1
1.66751E+12,13.4783,23,0,0.089792,7,0,9,15.7222,54,0,0.766016,15,0,31.24,31,0,75,1
1.66751E+12,13,8,0,0.014784,2,0,9,12.7273,22,0,0.1,6,0,35.5965,31,0,15,1
1.66751E+12,0,0,0,0,0,0,9,0,0,0,0,0,0,0,0,0,0,0
1.66751E+12,0,0,0,0,0,0,9,0,0,0,0,0,0,0,0,0,0,0
1.66751E+12,0,0,0,0,0,0,9,0,0,0,0,0,0,0,0,0,0,0
1.66751E+12,0,0,0,0,0,0,8.83333,0,0,0,0,0,0,0,0,0,0,0
1.66751E+12,0,0,0,0,0,0,9,0,0,0,0,0,0,0,0,0,0,0
1.66751E+12,0,0,0,0,0,0,9,0,0,0,0,0,0,0,0,0,0,0
1.66751E+12,0,0,0,0,0,0,9,15.8205,78,0,1.16448,22,0,30.9753,31,0,0,1
1.66751E+12,14.5,8,0,0.016576,2,0,9,13.2857,14,0,0.1,4,0,35.6263,31,0,15,1
1.66751E+12,12,4,0,0.002336,1,0,9,0,0,0,0,0,0,0,0,0,3,0
1.66751E+12,0,0,0,0,0,0,9,0,0,0,0,0,0,0,0,0,0,0
1.66751E+12,0,0,0,0,0,0,9,0,0,0,0,0,0,0,0,0,0,0
1.66751E+12,0,0,0,0,0,0,9,0,0,0,0,0,0,0,0,0,0,0
1.66751E+12,0,0,0,0,0,0,9,0,0,0,0,0,0,0,0,0,0,0
1.66751E+12,0,0,0,0,0,0,9,0,0,0,0,0,0,0,0,0,0,0
1.66751E+12,0,0,0,0,0,0,9,0,0,0,0,0,0,0,0,0,0,0
1.66751E+12,11.1,10,0,0.016288,3,0,9,15.1509,53,0,0.610336,15,0,32.2356,31,0,18,1
1.66751E+12,16.3137,51,0,0.273568,15,0,9,15.5,46,0,0.589152,13,0,31.5954,31,0,210,1
1.66751E+12,0,3,0,0.001568,1,0,9,13.7143,7,0,0.1,2,0,36.165,31,3,3,1
1.66751E+12,0,0,0,0,0,0,9,0,0,0,0,0,0,0,0,0,0,0
1.66751E+12,0,0,0,0,0,0,9,0,0,0,0,0,0,0,0,0,0,0
1.66751E+12,0,0,0,0,0,0,9,0,0,0,0,0,0,0,0,0,0,0
1.66751E+12,0,0,0,0,0,0,9,0,0,0,0,0,0,0,0,0,0,0
1.66751E+12,0,0,0,0,0,0,9,15.8205,39,0,0.58224,11,0,31.1047,31,0,0,1
1.66751E+12,12,8,0,0.004672,2,0,8.83333,12.8571,7,0,0.1,2,0,35.3704,31,6,6,1
1.66751E+12,12.9,10,0,0.00752,3,0,9,12.8571,7,0,0.1,2,0,35.3843,31,9,9,1
1.66751E+12,0,0,0,0,0,0,9,0,0,0,0,0,0,0,0,0,0,0
1.66751E+12,0,0,0,0,0,0,8.85714,0,0,0,0,0,0,0,0,0,0,0
1.66751E+12,0,0,0,0,0,0,9,0,0,0,0,0,0,0,0,0,0,0
1.66751E+12,0,0,0,0,0,0,9,0,0,0,0,0,0,0,0,0,0,0
1.66751E+12,0,0,0,0,0,0,9,0,0,0,0,0,0,0,0,0,0,0
1.66751E+12,0,0,0,0,0,0,9,0,0,0,0,0,0,0,0,0,0,0
1.66751E+12,0,0,0,0,0,0,9,0,0,0,0,0,0,0,0,0,0,0
1.66751E+12,0,0,0,0,0,0,9,0,0,0,0,0,0,0,0,0,0,0
1.66751E+12,0,0,0,0,0,0,9,0,0,0,0,0,0,0,0,0,0,0
1.66751E+12,0,0,0,0,0,0,9,0,0,0,0,0,0,0,0,0,0,0
1.66751E+12,0,0,0,0,0,0,9,0,0,0,0,0,0,0,0,0,0,0
1.66751E+12,0,0,0,0,0,0,9,0,0,0,0,0,0,0,0,0,0,0
1.66751E+12,0,3,0,0.001568,1,0,9,13.7143,7,0,0.1,2,0,36.0525,31,3,3,1
1.66751E+12,0,0,0,0,0,0,8.85714,0,0,0,0,0,0,0,0,0,0,0
1.66751E+12,12,7,0,0.004672,2,0,9,15.3696,46,0,0.602016,13,0,31.368,31,6,6,1
1.66751E+12,12,7,0,0.004672,2,0,9,12.8571,7,0,0.1,2,0,34.923,31,6,6,1
1.66751E+12,12.8182,11,0,0.00752,3,0,9,12.8571,7,0,0.1,2,0,35.64,31,9,9,1
1.66751E+12,0,0,0,0,0,0,9,0,0,0,0,0,0,0,0,0,0,0
1.66751E+12,0,0,0,0,0,0,9,0,0,0,0,0,0,0,0,0,0,0
1.66751E+12,0,0,0,0,0,0,9,0,0,0,0,0,0,0,0,0,0,0
1.66751E+12,0,0,0,0,0,0,9,0,0,0,0,0,0,0,0,0,0,0
1.66751E+12,0,0,0,0,0,0,9,0,0,0,0,0,0,0,0,0,0,0
1.66751E+12,0,0,0,0,0,0,9,0,0,0,0,0,0,0,0,0,0,0
1.66751E+12,0,0,0,0,0,0,9,0,0,0,0,0,0,0,0,0,0,0
1.66751E+12,0,0,0,0,0,0,8.83333,0,0,0,0,0,0,0,0,0,0,0
1.66751E+12,0,0,0,0,0,0,9,0,0,0,0,0,0,0,0,0,0,0
1.66751E+12,0,0,0,0,0,0,9,0,0,0,0,0,0,0,0,0,0,0
1.66751E+12,0,0,0,0,0,0,9,0,0,0,0,0,0,0,0,0,0,0
1.66751E+12,0,0,0,0,0,0,9,0,0,0,0,0,0,0,0,0,0,0
1.66751E+12,0,0,0,0,0,0,9,0,0,0,0,0,0,0,0,0,0,0
1.66751E+12,0,0,0,0,0,0,9,0,0,0,0,0,0,0,0,0,0,0
1.66751E+12,0,0,0,0,0,0,9,15,7,146184,0.1,2,0,33.9409,31,0,0,1
1.66751E+12,0,3,0,0.001568,1,0,9,15.6167,60,0,0.840928,17,0,31.3428,31,3,3,1
1.66751E+12,11.9048,21,0,0.014528,6,0,9,15.1034,29,0,0.32992,8,0,32.5362,31,18,18,1
1.66751E+12,12,4,0,0.002336,1,0,9,0,0,0,0,0,0,0,0,3,3,0
1.66751E+12,0,0,0,0,0,0,9,0,0,0,0,0,0,0,0,0,0,0
1.66751E+12,0,0,0,0,0,0,9,0,0,0,0,0,0,0,0,0,0,0
1.66751E+12,0,0,0,0,0,0,8.85714,0,0,0,0,0,0,0,0,0,0,0
1.66751E+12,0,0,0,0,0,0,9,0,0,0,0,0,0,0,0,0,0,0
1.66751E+12,0,0,0,0,0,0,9,0,0,0,0,0,0,0,0,0,0,0
1.66751E+12,0,0,0,0,0,0,9,0,0,0,0,0,0,0,0,0,0,0
1.66751E+12,0,0,0,0,0,0,9,0,0,0,0,0,0,0,0,0,0,0
1.66751E+12,0,0,0,0,0,0,9,0,0,0,0,0,0,0,0,0,0,0
1.66751E+12,0,0,0,0,0,0,9,0,0,0,0,0,0,0,0,0,0,0
1.66751E+12,0,0,0,0,0,0,9,0,0,0,0,0,0,0,0,0,0,0
1.66751E+12,0,0,0,0,0,0,9,0,0,0,0,0,0,0,0,0,0,0
1.66751E+12,0,0,0,0,0,0,9,0,0,0,0,0,0,0,0,0,0,0
1.66751E+12,0,0,0,0,0,0,9,0,0,0,0,0,0,0,0,0,0,0
1.66751E+12,0,0,0,0,0,0,9,15.8205,39,0,0.58224,11,0,31.1143,31,0,0,1
1.66751E+12,12,24,0,0.011232,5,0,9,14.5714,7,0,0.1,2,0,35.1649,31,21,21,1
1.66751E+12,12,7,0,0.009856,4,0,9,12.8571,7,0,0.1,2,0,35.441,31,6,6,1
1.66751E+12,0,0,0,0,0,0,9,0,0,0,0,0,0,0,0,0,0,0
1.66751E+12,0,3,0,0.001568,1,0,9,13.7143,7,0,0.1,2,0,36.0951,31,3,3,1
1.66751E+12,0,0,0,0,0,0,9,0,0,0,0,0,0,0,0,0,0,0
1.66751E+12,12,8,0,0.004672,2,0,9,12.8571,7,0,0.1,2,0,35.1637,31,6,6,1
1.66751E+12,0,0,0,0,0,0,9,0,0,0,0,0,0,0,0,0,0,0
1.66751E+12,0,0,0,0,0,0,9,0,0,0,0,0,0,0,0,0,0,0
1.66751E+12,0,0,0,0,0,0,9,0,0,0,0,0,0,0,0,0,0,0
1.66751E+12,0,0,0,0,0,0,9,0,0,0,0,0,0,0,0,0,0,0
1.66751E+12,0,0,0,0,0,0,9,0,0,0,0,0,0,0,0,0,0,0
1.66751E+12,0,0,0,0,0,0,9,0,0,0,0,0,0,0,0,0,0,0
1.66751E+12,0,0,0,0,0,0,9,0,0,0,0,0,0,0,0,0,0,0
1.66751E+12,0,0,0,0,0,0,9,0,0,0,0,0,0,0,0,0,0,0
1.66751E+12,0,0,0,0,0,0,9,0,0,0,0,0,0,0,0,0,0,0
1.66751E+12,0,0,0,0,0,0,9,15.6667,21,0,0.289152,6,0,31.3567,31,0,0,1
1.66751E+12,0,6,0,0.004672,2,0,9,15.12,25,0,0.312864,7,0,31.9228,31,6,6,1
1.66751E+12,0,0,0,0,0,0,9,0,0,0,0,0,0,0,0,0,0,0
1.66751E+12,12.3889,18,0,0.012704,5,0,9,12.6667,15,0,0.1,4,0,35.5234,31,15,15,1
1.66751E+12,0,0,0,0,0,0,9,0,0,0,0,0,0,0,0,0,0,0
1.66751E+12,0,0,0,0,0,0,9,0,0,0,0,0,0,0,0,0,0,0
1.66751E+12,0,0,0,0,0,0,9,0,0,0,0,0,0,0,0,0,0,0
1.66751E+12,0,0,0,0,0,0,9,0,0,0,0,0,0,0,0,0,0,0
1.66751E+12,0,3,0,0.001568,1,0,9,13.7143,7,0,0.1,2,0,35.8035,31,3,3,1
1.66751E+12,0,0,0,0,0,0,9,0,0,0,0,0,0,0,0,0,0,0
1.66751E+12,0,0,0,0,0,0,9,0,0,0,0,0,0,0,0,0,0,0
1.66751E+12,0,0,0,0,0,0,9,0,0,0,0,0,0,0,0,0,0,0
1.66751E+12,0,0,0,0,0,0,8.83333,0,0,0,0,0,0,0,0,0,0,0
1.66751E+12,0,0,0,0,0,0,9,0,0,0,0,0,0,0,0,0,0,0
1.66751E+12,0,0,0,0,0,0,9,15.8205,39,0,0.585312,11,0,30.8807,31,0,0,1
1.66751E+12,12,7,0,0.004672,2,0,9,12.8571,7,0,0.1,2,0,36.0251,31,6,6,1
1.66751E+12,12.3889,18,0,0.012704,5,0,9,12.8571,14,0,0.1,4,0,34.7793,31,15,15,1
1.66751E+12,0,0,0,0,0,0,9,0,0,0,0,0,0,0,0,0,0,0
1.66751E+12,0,0,0,0,0,0,9,0,0,0,0,0,0,0,0,0,0,0
1.66751E+12,0,0,0,0,0,0,9,0,0,0,0,0,0,0,0,0,0,0
1.66751E+12,12.9231,13,0,0.04032,4,0,9,14.5714,7,0,0.1,2,0,35.1496,31,26,45,1
1.66751E+12,12.4286,14,0,0.009568,4,0,9,13.5714,21,0,0.1,6,0,35.1839,31,12,12,1
1.66751E+12,0,3,0,0.002336,1,0,9,0,0,0,0,0,0,0,0,3,3,0
1.66751E+12,0,0,0,0,0,0,9,0,0,0,0,0,0,0,0,0,0,0
1.66751E+12,0,0,0,0,0,0,9,0,0,0,0,0,0,0,0,0,0,0
1.66751E+12,0,0,0,0,0,0,9,0,0,0,0,0,0,0,0,0,0,0
1.66751E+12,0,0,0,0,0,0,9,0,0,0,0,0,0,0,0,0,0,0
1.66751E+12,0,0,0,0,0,0,9,0,0,0,0,0,0,0,0,0,0,0
1.66751E+12,0,0,0,0,0,0,9,0,0,0,0,0,0,0,0,0,0,0
1.66751E+12,0,3,0,0.001568,1,0,9,13.7143,7,0,0.1,2,0,36.9573,31,3,3,1
1.66751E+12,12,4,0,0.002336,1,0,8.83333,12.8571,7,0,0.1,2,0,35.7676,31,3,3,1
1.66751E+12,0,0,0,0,0,0,9,0,0,0,0,0,0,0,0,0,0,0
1.66751E+12,0,0,0,0,0,0,9,0,0,0,0,0,0,0,0,0,0,0
1.66751E+12,0,0,0,0,0,0,9,0,0,0,0,0,0,0,0,0,0,0
1.66751E+12,0,0,0,0,0,0,9,0,0,0,0,0,0,0,0,0,0,0
1.66751E+12,0,0,0,0,0,0,9,0,0,0,0,0,0,0,0,0,0,0
1.66751E+12,0,0,0,0,0,0,9,0,0,0,0,0,0,0,0,0,0,0
1.66751E+12,0,0,0,0,0,0,9,0,0,0,0,0,0,0,0,0,0,0
1.66751E+12,0,0,0,0,0,0,9,0,0,0,0,0,0,0,0,0,0,0
1.66751E+12,0,0,0,0,0,0,9,0,0,0,0,0,0,0,0,0,0,0
1.66751E+12,0,0,0,0,0,0,9,0,0,0,0,0,0,0,0,0,0,0
1.66751E+12,0,0,0,0,0,0,8.85714,0,0,0,0,0,0,0,0,0,0,0
1.66751E+12,0,0,0,0,0,0,9,0,0,0,0,0,0,0,0,0,0,0
1.66751E+12,0,0,0,0,0,0,9,0,0,0,0,0,0,0,0,0,0,0
1.66751E+12,0,0,0,0,0,0,9,0,0,0,0,0,0,0,0,0,0,0
1.66751E+12,0,0,0,0,0,0,9,0,0,0,0,0,0,0,0,0,0,0
1.66751E+12,0,0,0,0,0,0,9,0,0,0,0,0,0,0,0,0,0,0
1.66751E+12,0,0,0,0,0,0,9,0,0,0,0,0,0,0,0,0,0,0
1.66751E+12,0,0,0,0,0,0,9,0,0,0,0,0,0,0,0,0,0,0
1.66751E+12,0,3,0,0.001568,1,0,9,13.7143,7,0,0.1,2,0,36.0753,31,3,3,1
1.66751E+12,0,0,0,0,0,0,9,0,0,0,0,0,0,0,0,0,0,0
1.66751E+12,0,0,0,0,0,0,9,0,0,0,0,0,0,0,0,0,0,0
1.66751E+12,0,0,0,0,0,0,9,0,0,0,0,0,0,0,0,0,0,0
1.66751E+12,0,0,0,0,0,0,9,0,0,0,0,0,0,0,0,0,0,0
1.66751E+12,0,0,0,0,0,0,9,0,0,0,0,0,0,0,0,0,0,0
1.66751E+12,0,0,0,0,0,0,9,0,0,0,0,0,0,0,0,0,0,0
1.66751E+12,0,0,0,0,0,0,9,0,0,0,0,0,0,0,0,0,0,0
1.66751E+12,0,0,0,0,0,0,9,0,0,0,0,0,0,0,0,0,0,0
1.66751E+12,0,0,0,0,0,0,9,0,0,0,0,0,0,0,0,0,0,0
1.66751E+12,0,0,0,0,0,0,9,0,0,0,0,0,0,0,0,0,0,0
1.66751E+12,0,0,0,0,0,0,9,0,0,0,0,0,0,0,0,0,0,0
1.66751E+12,0,0,0,0,0,0,9,0,0,0,0,0,0,0,0,0,0,0
1.66751E+12,0,0,0,0,0,0,9,0,0,0,0,0,0,0,0,0,0,0
1.66751E+12,0,0,0,0,0,0,9,0,0,0,0,0,0,0,0,0,0,0
1.66751E+12,0,0,0,0,0,0,9,0,0,0,0,0,0,0,0,0,0,0
1.66751E+12,0,0,0,0,0,0,9,12.8571,7,0,0.1,2,0,35.9155,31,0,0,1
1.66751E+12,0,3,0,0.003872,1,0,9,12.8571,7,0,0.1,2,0,35.0959,31,3,3,1
1.66751E+12,14.7639,72,0,0.27504,21,0,9,15.5,92,0,1.19469,26,0,31.6092,31,321,213,1
1.66751E+12,12.6818,22,0,0.016256,6,0,9,15.7222,54,0,0.73712,15,0,31.3667,31,18,18,1
1.66751E+12,15.125,64,0,0.272032,17,0,9,15.4222,90,0,1.19507,26,0,31.8009,31,336,213,1
1.66751E+12,12.5455,22,0,0.064608,7,0,9,15.1556,45,0,0.625088,13,0,31.4853,31,28,63,1
1.66751E+12,8,4,0,0.001568,1,0,9,13.2857,7,0,0.1,2,0,36.2231,31,3,3,1
1.66751E+12,12,4,0,0.002336,1,0,8.83333,12.1429,7,0,0.1,2,0,35.6876,31,3,3,1
1.66751E+12,10.5455,11,0,0.003904,2,0,9,13.1176,17,0,0.1,5,0,35.6104,31,9,9,1
1.66751E+12,0,0,0,0.002336,1,0,9,10,4,0,0.1,1,0,37.3904,0,0,0,1
1.66751E+12,9.71429,7,0,0.003904,2,0,9,14.4286,7,0,0.1,2,0,35.824,31,6,6,1
1.66751E+12,10,8,0,0.003904,2,0,9,12.7143,14,0,0.1,4,0,36.36,31,6,6,1
1.66751E+12,10,8,0,0.002336,1,0,9,13,10,0,0.1,3,0,34.8238,31,6,6,1
1.66751E+12,0,0,0,0.001568,1,0,9,12,4,0,0.1,1,0,37.4248,0,0,0,1
1.66751E+12,0,3,0,0.002336,1,0,9,13.2857,14,0,0.1,4,0,36.0682,31,3,3,1
1.66751E+12,0,0,0,0,0,0,9,0,0,0,0,0,0,0,0,0,0,0
1.66751E+12,0,0,0,0,0,0,9,0,0,0,0,0,0,0,0,0,0,0
1.66751E+12,0,0,0,0,0,0,9,0,0,0,0,0,0,0,0,0,0,0
1.66751E+12,0,0,0,0,0,0,9,0,0,0,0,0,0,0,0,0,0,0
1.66751E+12,0,0,0,0,0,0,9,0,0,0,0,0,0,0,0,0,0,0
1.66751E+12,0,0,0,0,0,0,9,0,0,0,0,0,0,0,0,0,0,0
1.66751E+12,8,4,0,0.001568,1,0,9,13.2857,7,0,0.1,2,0,36.6438,31,3,3,1
1.66751E+12,12.5,10,0,0.003872,1,0,9,12.6471,17,144276,0.1,5,0,35.6711,31,9,9,1
1.66751E+12,14,24,0,0.04208,9,0,9,15.7143,77,0,1.1353,22,0,31.1078,31,25,36,1
1.66751E+12,8,4,0,0.001568,1,0,9,13.2857,7,0,0.1,2,0,36.15,31,3,3,1
1.66751E+12,0,0,0,0,0,0,9,0,0,0,0,0,0,0,0,0,0,0
1.66751E+12,0,0,0,0,0,0,9,0,0,0,0,0,0,0,0,0,0,0
1.66751E+12,0,0,0,0,0,0,9,0,0,0,0,0,0,0,0,0,0,0
1.66751E+12,0,0,0,0,0,0,9,0,0,0,0,0,0,0,0,0,0,0
1.66751E+12,0,0,0,0,0,0,9,0,0,0,0,0,0,0,0,0,0,0
1.66751E+12,12,4,0,0.014496,1,0,9,0,3,0,0.1,1,0,0,31,5,18,0
1.66751E+12,11.4545,11,0,0.027616,3,0,9,14.9661,59,0,0.694528,17,0,32.1593,31,14,24,1
1.66751E+12,18.1,10,0,0,0,0,9,15.9211,38,0,0.598624,11,0,30.9215,31,38,54,1
1.66751E+12,14.125,24,0,0.133504,10,0,9,14.0741,27,0,0.20064,8,0,34.3962,31,40,48,1
1.66751E+12,11.7647,17,0,0.021792,5,0,9,14.8333,24,0,0.110944,7,0,34.5575,31,17,30,1
1.66751E+12,11.8235,34,0,0.02576,10,0,9,13.6071,28,0,0.1,8,0,35.032,31,30,30,1
1.66751E+12,12.8,10,0,0.005952,2,0,9,11.5882,17,0,0.1,5,0,36.3686,31,9,9,1
1.66751E+12,14.6333,30,0,0.040832,10,0,9,15.4578,83,0,1.17792,24,0,31.3832,31,28,42,1
1.66751E+12,0,3,0,0.002976,1,0,9,11.5714,7,0,0.1,2,0,37.4718,31,3,3,1
1.66751E+12,0,0,0,0,0,0,9,0,0,0,0,0,0,0,0,0,0,0
1.66751E+12,0,0,0,0,0,0,9,0,0,0,0,0,0,0,0,0,0,0
1.66751E+12,0,0,0,0,0,0,9,0,0,0,0,0,0,0,0,0,0,0
1.66751E+12,0,0,0,0,0,0,9,0,0,0,0,0,0,0,0,0,0,0
1.66751E+12,0,0,0,0,0,0,9,0,0,0,0,0,0,0,0,0,0,0
1.66751E+12,8,4,0,0.001568,1,0,9,13.2857,7,0,0.1,2,0,36.3287,31,3,3,1
1.66751E+12,0,0,0,0,0,0,8.71429,0,0,0,0,0,0,0,0,0,0,0
1.66751E+12,0,0,0,0,0,0,9,0,0,0,0,0,0,0,0,0,0,0
1.66751E+12,0,0,0,0,0,0,9,0,0,0,0,0,0,0,0,0,0,0
1.66751E+12,0,0,0,0,0,0,9,0,0,0,0,0,0,0,0,0,0,0
1.66751E+12,0,0,0,0,0,0,9,0,0,0,0,0,0,0,0,0,0,0
1.66751E+12,0,0,0,0,0,0,9,0,0,0,0,0,0,0,0,0,0,0
1.66751E+12,0,0,0,0,0,0,9,0,0,0,0,0,0,0,0,0,0,0
1.66751E+12,0,0,0,0,0,0,9,0,0,0,0,0,0,0,0,0,0,0
1.66751E+12,0,0,0,0,0,0,9,0,0,0,0,0,0,0,0,0,0,0
1.66751E+12,0,0,0,0,0,0,9,0,0,0,0,0,0,0,0,0,0,0
1.66751E+12,0,0,0,0,0,0,9,0,0,0,0,0,0,0,0,0,0,0
1.66751E+12,0,0,0,0,0,0,9,0,0,0,0,0,0,0,0,0,0,0
1.66751E+12,0,0,0,0,0,0,9,0,0,0,0,0,0,0,0,0,0,0
1.66751E+12,0,0,0,0,0,0,9,0,0,0,0,0,0,0,0,0,0,0
1.66751E+12,0,0,0,0,0,0,9,0,0,0,0,0,0,0,0,0,0,0
1.66751E+12,0,0,0,0,0,0,9,0,0,0,0,0,0,0,0,0,0,0
1.66751E+12,0,0,0,0,0,0,9,0,0,0,0,0,0,0,0,0,0,0
1.66751E+12,0,0,0,0,0,0,9,0,0,0,0,0,0,0,0,0,0,0
1.66751E+12,0,3,0,0.014496,1,0,9,11.5714,7,0,0.1,2,0,36.3656,31,5,18,1
1.66751E+12,8,4,0,0.001568,1,0,9,15.4583,48,144276,0.669856,14,0,31.541,31,3,3,1
1.66751E+12,15.9211,38,0,0.157536,11,0,9,15.6731,52,0,0.7192,15,0,31.2394,31,102,120,1
1.66751E+12,12,4,0,0.002336,1,0,9,0,0,0,0,0,0,0,0,3,3,0
1.66751E+12,12,10,0,0.007008,3,0,9,15.3333,45,0,0.632896,13,0,31.6233,31,9,9,1
1.66751E+12,0,0,0,0,0,0,9,0,0,0,0,0,0,0,0,0,0,0
1.66751E+12,15,8,0,0.006208,2,0,9,12.1429,7,0,0.1,2,0,35.8383,31,6,6,1
1.66751E+12,11.8182,11,0,0.00752,3,0,9,12.1429,7,0,0.1,2,0,36.3706,31,9,9,1
1.66751E+12,0,0,0,0,0,0,9,12.1429,7,0,0.1,2,0,36.2981,31,0,0,1
1.66751E+12,12.5,10,0,0.007712,3,0,9,12.1429,7,0,0.1,2,0,35.6074,31,9,9,1
1.66751E+12,0,0,0,0,0,0,9,15.8158,38,0,0.577312,11,0,31.0027,31,0,0,1
1.66751E+12,13.8298,94,0,0.28592,27,0,9,15.3485,66,146184,0.714464,19,0,32.1865,31,246,231,1
1.66751E+12,16.2857,7,0,0.03616,2,0,9,15.1842,38,0,0.556192,11,0,31.131,31,19,30,1
1.66751E+12,8,4,0,0.001568,1,0,9,13.2857,7,0,0.1,2,0,36.1678,31,3,3,1
1.66751E+12,10.5,8,0,0.01632,2,0,9,13.2857,21,146184,0.107936,6,0,34.6605,31,8,21,1
1.66751E+12,17,14,0,0.076224,4,0,9,15.8636,44,0,0.69712,13,0,30.715,31,54,63,1
1.66751E+12,14.76,25,0,0.052384,7,0,9,12.5714,28,0,0.1,8,0,35.3368,31,30,51,1
1.66751E+12,0,3,0,0.002336,1,0,8.83333,15.4375,16,0,0.13968,5,0,32.8663,31,3,3,1
1.66751E+12,13.2,15,0,0.01088,4,0,8.83333,12.1429,14,0,0.1,4,0,35.8159,31,12,12,1
1.66751E+12,11.4,10,0,0.006784,3,0,9,12.1429,7,0,0.1,2,0,35.6509,31,9,9,1
1.66751E+12,0,0,0,0,0,0,9,0,0,0,0,0,0,0,0,0,0,0
1.66751E+12,0,0,0,0,0,0,9,0,0,0,0,0,0,0,0,0,0,0
1.66751E+12,0,0,0,0,0,0,9,0,0,0,0,0,0,0,0,0,0,0
1.66751E+12,0,0,0,0,0,0,9,0,0,0,0,0,0,0,0,0,0,0
1.66751E+12,0,0,0,0,0,0,9,0,0,0,0,0,0,0,0,0,0,0
1.66751E+12,0,0,0,0,0,0,9,0,0,0,0,0,0,0,0,0,0,0
1.66751E+12,0,0,0,0,0,0,8.83333,0,0,0,0,0,0,0,0,0,0,0
1.66751E+12,0,0,0,0,0,0,9,0,0,0,0,0,0,0,0,0,0,0
1.66751E+12,12,4,0,0.014496,1,0,9,11.5714,7,0,0.1,2,0,37.1626,31,5,18,1
1.66751E+12,0,0,0,0,0,0,9,14.4286,7,0,0.1,2,0,34.8741,31,0,0,1
1.66751E+12,13.7241,58,0,0.182208,17,0,8.83333,15.3889,54,0,0.63712,16,0,32.1222,31,210,156,1
1.66751E+12,15.5818,55,0,0.281792,16,0,9,14.6,55,0,0.660768,16,0,32.1331,31,277,228,1
1.66751E+12,0,0,0,0,0,0,8.85714,11.5714,7,0,0.1,2,0,36.3732,31,0,0,1
1.66751E+12,8,4,0,0.001568,1,0,9,13.2857,7,0,0.1,2,0,36.6832,31,3,3,1
1.66751E+12,6,4,0,0.001024,1,0,0.1,0,3,0,0.1,1,0,0,0,0,3,0
1.66751E+12,1.45455,11,0,0.001376,3,0,9,10.4286,14,0,0.1,4,0,36.2244,31,0,9,1
1.66751E+12,5,12,0,0.003104,3,0,9,11.7619,21,0,0.1,6,0,36.1574,31,0,9,1
1.66751E+12,13.1818,11,0,0.033056,3,0,9,14.4286,7,0,0.1,2,0,35.7515,31,0,27,1
1.66751E+12,0,3,0,0.010912,1,0,9,13.8,10,0,0.1,3,0,35.7315,31,0,12,1
1.66751E+12,10.6471,17,0,0.016608,5,0,9,15.2245,49,146184,0.648928,14,0,31.7763,31,0,21,1
1.66751E+12,16.2308,13,0,0.068544,4,0,9,15.6053,38,0,0.557984,11,0,31.7649,31,0,54,1
1.66751E+12,15.8261,46,0,0.232672,13,0,9,15.2115,52,0,0.6312,15,0,32.1527,31,0,177,1
1.66751E+12,11.3333,27,0,0.057216,8,0,9,15.6889,45,0,0.639296,13,0,31.5827,31,0,57,1
1.66751E+12,13.9016,61,0,0.199904,18,0,8.83333,15.2576,66,0,0.834336,19,0,31.9847,31,226,168,1
1.66751E+12,12.75,40,0,0.12016,11,0,9,14.0476,21,0,0.1,6,0,35.5325,31,124,102,1
1.66751E+12,8,4,0,0.001568,1,0,9,13.2857,7,0,0.1,2,0,36.5867,31,3,3,1
1.66751E+12,14.5,8,0,0.006336,2,0,9,13.2857,7,0,0.1,2,0,35.0372,31,6,6,1
1.66751E+12,9,10,0,0.005472,3,0,9,13.2857,14,0,0.1,4,0,35.6416,31,9,9,1
1.66751E+12,10.8182,11,0,0.00656,3,0,9,15.2444,45,0,0.590176,13,0,31.9788,31,9,9,1
1.66751E+12,17.5057,87,0,0.527072,25,0,9,15.6,45,0,0.600544,13,0,31.9599,31,597,384,1
1.66751E+12,0,0,0,0,0,0,9,0,0,0,0,0,0,0,0,0,0,0
1.66751E+12,0,0,0,0,0,0,9,0,0,0,0,0,0,0,0,0,0,0
1.66751E+12,13.6,10,0,0.040096,3,0,9,13,14,0,0.1,4,0,35.1593,31,20,39,1
1.66751E+12,0,0,0,0,0,0,9,12.1429,7,0,0.1,2,0,35.6596,31,0,0,1
1.66751E+12,11.4,25,0,0.014432,6,0,9,15.6889,45,0,0.605792,13,0,31.5703,31,21,21,1
1.66751E+12,11.2105,19,0,0.046688,7,0,9,14.85,20,0,0.168448,6,0,33.3387,31,25,48,1
1.66751E+12,0,0,28,0,0,0,0.1,0.1,4,0,0.1,1,0,31.3088,0,0,0,1
1.66751E+12,6,4,0,0.00106667,1,0,0.1,0,0,0,0,0,0,0,0,0,3,0
1.66751E+12,4.21053,19,0,0.004512,5,0,9,10.7143,28,0,0.1,8,0,36.4825,31,0,15,1
1.66751E+12,0,3,0,0.001024,1,0,0.1,0.1,4,0,0.1,1,0,31.7283,0,0,3,1
1.66751E+12,0,0,0,0,0,0,0.1,0,0,0,0,0,0,0,0,0,0,0
1.66751E+12,4.21053,19,0,0.004512,5,0,9,10.7143,28,0,0.1,8,0,36.0738,31,0,15,1
1.66751E+12,15,4,0,0.013984,1,0,9,0,3,57,0.1,1,0,0,31,0,12,0
1.66751E+12,0,0,0,0,0,0,9,9,4,0,0.1,1,0,38.0683,0,0,0,1
1.66751E+12,0,0,0,0,0,0,9,0,0,0,0,0,0,0,0,0,0,0
1.66751E+12,0,0,0,0,0,0,9,0,0,0,0,0,0,0,0,0,0,0
1.66751E+12,8,4,0,0.001568,1,0,9,13.2857,7,0,0.1,2,0,35.9484,31,0,3,1
1.66751E+12,8,4,0,0.001568,1,0,9,13.8,10,0,0.1,3,0,35.5662,31,0,3,1
1.66751E+12,0,0,0,0,0,0,9,0,0,0,0,0,0,0,0,0,0,0
1.66751E+12,0,0,0,0,0,0,9,0,0,0,0,0,0,0,0,0,0,0
1.66751E+12,0,0,0,0,0,0,9,0,0,0,0,0,0,0,0,0,0,0
1.66751E+12,0,0,0,0,0,0,9,0,0,0,0,0,0,0,0,0,0,0
1.66751E+12,0,0,0,0,0,0,9,0,0,0,0,0,0,0,0,0,0,0
1.66751E+12,0,0,0,0,0,0,9,0,0,0,0,0,0,0,0,0,0,0
1.66751E+12,0,0,0,0,0,0,9,0,0,0,0,0,0,0,0,0,0,0
1.66751E+12,0,0,0,0,0,0,9,0,0,0,0,0,0,0,0,0,0,0
1.66751E+12,0,0,0,0,0,0,8.83333,0,0,0,0,0,0,0,0,0,0,0
1.66751E+12,0,0,0,0,0,0,9,0,0,0,0,0,0,0,0,0,0,0
1.66751E+12,0,0,0,0,0,0,9,0,0,0,0,0,0,0,0,0,0,0
1.66751E+12,0,0,0,0,0,0,9,0,0,0,0,0,0,0,0,0,0,0
1.66751E+12,0,0,0,0,0,0,9,0,0,0,0,0,0,0,0,0,0,0
1.66751E+12,0,0,0,0,0,0,9,0,0,0,0,0,0,0,0,0,0,0
1.66751E+12,0,0,28,0,0,0,0.1,0.1,4,0,0.1,1,0,31.4592,0,0,0,1
1.66751E+12,0,3,0,0.00106224,1,0,0.1,0,0,0,0,0,0,0,0,0,3,0
1.66751E+12,4.21053,19,0,0.004512,5,0,9,10.7143,28,0,0.1,8,0,36.271,31,0,15,1
1.66751E+12,11.3636,11,0,0.009312,3,0,9,15,7,0,0.1,2,0,35.3179,31,0,12,1
1.66751E+12,0,0,0,0,0,0,9,0,0,0,0,0,0,0,0,0,0,0
1.66751E+12,14,4,0,0.012448,1,0,9,0,0,0,0,0,0,0,0,0,12,0
1.66751E+12,0,3,0,0.001024,1,0,0.1,0.1,4,0,0.1,1,0,29.7647,0,0,3,1
1.66751E+12,1.14286,7,14,0.0008,2,0,9,11.8,10,28,0.1,3,0,36.0899,31,0,6,1
1.66751E+12,6,12,0,0.003712,3,0,9,10.1111,18,0,0.1,5,0,37.4885,31,0,9,1
1.66751E+12,8,4,0,0.001568,1,0,9,13.2857,7,0,0.1,2,0,34.7861,31,0,3,1
1.66751E+12,0,3,0,0.004128,1,0,9,11.5714,14,0,0.1,4,0,36.4386,31,0,6,1
1.66751E+12,0,0,0,0,0,0,9,0,0,0,0,0,0,0,0,0,0,0
1.66751E+12,0,0,0,0,0,0,9,0,0,0,0,0,0,0,0,0,0,0
1.66751E+12,0,0,0,0,0,0,9,0,0,0,0,0,0,0,0,0,0,0
1.66751E+12,0,0,0,0,0,0,9,0,0,0,0,0,0,0,0,0,0,0
1.66751E+12,0,0,0,0,0,0,9,0,0,0,0,0,0,0,0,0,0,0
1.66751E+12,0,0,0,0,0,0,9,0,0,0,0,0,0,0,0,0,0,0
1.66751E+12,0,0,0,0,0,0,9,0,0,0,0,0,0,0,0,0,0,0
1.66751E+12,0,0,0,0,0,0,9,0,0,0,0,0,0,0,0,0,0,0
1.66751E+12,0,0,0,0,0,0,9,0,0,0,0,0,0,0,0,0,0,0
1.66751E+12,0,0,0,0,0,0,9,0,0,0,0,0,0,0,0,0,0,0
1.66751E+12,0,0,0,0,0,0,9,0,0,0,0,0,0,0,0,0,0,0
1.66751E+12,0,0,0,0,0,0,9,0,0,0,0,0,0,0,0,0,0,0
1.66751E+12,0,0,0,0,0,0,9,0,0,0,0,0,0,0,0,0,0,0
1.66751E+12,0,0,0,0,0,0,9,0,0,0,0,0,0,0,0,0,0,0
1.66751E+12,0,0,0,0,0,0,9,0,0,0,0,0,0,0,0,0,0,0
1.66751E+12,0,0,0,0,0,0,9,12.1429,7,0,0.1,2,0,36.7796,31,0,0,1
1.66751E+12,13.127,63,0,0.153056,18,0,9,15.5233,86,0,1.05962,25,0,31.9851,31,0,144,1
1.66751E+12,12.7273,11,0,0.007648,3,0,9,15.6222,90,0,1.40365,26,0,30.8574,31,0,9,1
1.66751E+12,11.1304,23,0,0.024928,7,0,9,14.9808,52,0,0.645376,15,0,32.1746,31,0,33,1
1.66751E+12,14.5833,36,0,0.107456,10,0,9,15.2473,93,0,1.25699,27,0,31.7122,31,10,90,1
1.66751E+12,12.9286,28,0,0.036736,8,0,8.85714,15.6875,80,0,1.13072,23,0,31.5534,31,28,39,1
1.66751E+12,0,0,0,0,0,0,9,15.9211,76,0,1.19725,22,0,30.8022,31,0,0,1
1.66751E+12,14.7213,61,0,0.22112,17,0,9,15.8182,66,0,0.98336,19,0,30.9395,31,291,171,1
1.66751E+12,12.9412,17,0,0.02512,5,0,9,14.8542,48,0,0.541984,14,0,32.7501,31,17,30,1
1.66751E+12,14.2558,43,0,0.116992,12,0,9,15.3043,69,78,0.910496,20,0,31.7689,31,69,111,1
1.66751E+12,12,19,0,0.01168,5,0,9,14.791,67,0,0.800608,19,0,32.0567,31,15,15,1
1.66751E+12,13.4,55,0,0.123456,16,0,9,15.3462,78,0,1.05197,23,0,31.5466,31,84,129,1
1.66751E+12,11.6957,23,0,0.036288,6,0,9,15.1233,73,0,0.955904,21,0,31.941,31,26,54,1
1.66751E+12,14.7407,162,0,0.686464,47,0,9,15.3798,129,0,1.6295,38,0,31.745,31,831,570,1
1.66751E+12,14,46,0,0.122656,13,0,9,14.7333,60,0,0.624224,17,0,32.8416,31,88,108,1
1.66751E+12,12.3913,46,0,0.043712,13,0,9,15.5312,96,0,1.35165,28,0,31.3804,31,40,54,1
1.66751E+12,12.7727,22,0,0.036288,6,0,9,13.2917,24,0,0.106784,7,0,35.2814,31,23,33,1
1.66751E+12,0,0,45,0,0,0,9,0,3,67,0.1,1,0,0,31,0,0,0
1.66751E+12,8,4,0,0.001568,1,0,9,12,4,0,0.1,1,0,36.5878,0,3,3,1
1.66751E+12,0,0,0,0,0,0,9,0,0,0,0,0,0,0,0,0,0,0
1.66751E+12,0,0,0,0,0,0,9,0,0,0,0,0,0,0,0,0,0,0
1.66751E+12,0,0,0,0,0,0,9,0,0,0,0,0,0,0,0,0,0,0
1.66751E+12,0,0,0,0,0,0,9,0,0,0,0,0,0,0,0,0,0,0
1.66751E+12,6,4,0,0.001024,1,0,0.1,0.1,4,0,0.1,1,0,31.4414,0,0,3,1
1.66751E+12,2.93333,15,0,0.002688,4,0,8.5,10.8095,21,0,0.1,6,0,36.0895,31,0,12,1
1.66751E+12,9,4,0,0.001824,1,0,9,10.4286,7,0,0.1,2,0,37.2003,0,0,3,1
1.66751E+12,0,0,28,0,0,0,0.1,0.1,4,0,0.1,1,0,31.4652,0,0,3,1
1.66751E+12,0,3,0,0.00122488,1,0,0.1,0,0,0,0,0,0,0,0,0,0,0
1.66751E+12,2.53846,13,0,0.002688,4,0,9,11.8571,21,0,0.1,6,0,36.2719,31,12,12,1
1.66751E+12,0,6,0,0.001792,2,0,9,12.6429,14,0,0.1,4,0,35.6249,31,6,6,1
1.66751E+12,11.4,10,0,0.02736,3,0,9,13.0714,14,0,0.1,4,0,35.2352,31,14,24,1
1.66751E+12,0,0,0,0,0,0,9,12.8571,7,0,0.1,2,0,35.8868,31,0,0,1
1.66751E+12,0,3,0,0.002976,1,0,9,12.8571,7,0,0.1,2,0,34.7686,31,3,3,1
1.66751E+12,10,14,0,0.00768,4,0,9,15.5926,81,0,1.15734,23,0,31.2324,31,12,12,1
1.66751E+12,15.2911,79,0,0.369056,23,0,9,15.4906,53,0,0.658944,15,0,31.9624,31,514,285,1
1.66751E+12,14.4091,22,0,0.098112,6,0,9,14.1818,11,1326,0.1,3,0,35.2044,31,85,78,1
1.66751E+12,15.2609,46,0,0.191904,11,0,9,15.8333,42,0,0.610048,12,0,31.221,31,139,165,1
1.66751E+12,15.7059,51,0,0.237856,17,0,9,14.873,63,0,0.646016,18,0,32.677,31,307,165,1
1.66751E+12,12.9677,31,0,0.037216,9,0,8.83333,15.4918,61,0,0.758176,17,0,32.0682,31,31,45,1
1.66751E+12,15.3281,64,0,0.220192,17,0,9,15.2985,67,78,0.685536,19,0,32.7619,31,170,174,1
1.66751E+12,14.8026,76,0,0.264512,23,0,9,15.0102,98,0,1.18438,28,0,32.3304,31,267,201,1
1.66751E+12,0,0,0,0,0,0,9,0,0,0,0,0,0,0,0,0,0,0
1.66751E+12,0,0,0,0,0,0,9,0,0,0,0,0,0,0,0,0,0,0
1.66751E+12,0,0,0,0,0,0,9,0,0,0,0,0,0,0,0,0,0,0
1.66751E+12,0,0,0,0,0,0,9,0,0,0,0,0,0,0,0,0,0,0
1.66751E+12,0,0,0,0,0,0,9,0,0,0,0,0,0,0,0,0,0,0
1.66751E+12,0,0,0,0,0,0,9,0,0,0,0,0,0,0,0,0,0,0
1.66751E+12,0,0,0,0,0,0,9,0,0,0,0,0,0,0,0,0,0,0
1.66751E+12,13.6111,18,0,0.008736,3,0,8.66667,13.9286,14,0,0.1,4,0,34.6327,31,15,15,1
1.66751E+12,11.0588,17,0,0.025568,7,0,9,13.7143,14,0,0.1,4,0,34.8861,31,16,30,1
1.66751E+12,0,3,0,0.00272,1,0,9,14.5714,7,0,0.1,2,0,34.6822,31,3,3,1
1.66751E+12,0,0,0,0,0,0,9,0,0,0,0,0,0,0,0,0,0,0
1.66751E+12,0,0,0,0,0,0,9,0,0,0,0,0,0,0,0,0,0,0
1.66751E+12,0,0,0,0,0,0,9,0,0,0,0,0,0,0,0,0,0,0
1.66751E+12,0,0,0,0,0,0,9,0,0,0,0,0,0,0,0,0,0,0
1.66751E+12,0,0,0,0,0,0,9,0,0,0,0,0,0,0,0,0,0,0
1.66751E+12,0,0,0,0,0,0,9,0,0,0,0,0,0,0,0,0,0,0
1.66751E+12,0,3,0,0.001568,1,0,9,13.7143,7,0,0.1,2,0,36.2007,31,3,3,1
