App name,No.,Time,Source,Destination,Protocol,Length
Messages,4416,0.0,172.30.1.250,172.30.1.1,QUIC,108
Messages,4417,0.012533999999959633,172.30.1.1,172.30.1.250,QUIC,116
Google Play service,4418,2.8686759999999367,172.30.1.250,172.30.1.1,TLSv1.3,432
Messages,4419,2.869101999999998,172.30.1.250,172.30.1.1,QUIC,660
Google Play service,4420,2.869711999999936,172.30.1.1,172.30.1.250,TCP,88
Messages,4421,2.8715539999999464,172.30.1.1,172.30.1.250,QUIC,112
Google Play service,4422,2.9118709999999055,172.30.1.1,172.30.1.250,TLSv1.3,124
Google Play service,4423,2.9122559999999567,172.30.1.250,172.30.1.1,TCP,88
Messages,4424,2.9466789999999037,172.30.1.1,172.30.1.250,DNS,132
Google Play service,4425,2.983302999999978,172.30.1.250,172.30.1.1,TLSv1.3,432
Google Play service,4426,2.983441999999968,172.30.1.1,172.30.1.250,TCP,88
Messages,4427,2.983457999999928,172.30.1.250,172.30.1.1,QUIC,656
Messages,4428,2.9840399999999363,172.30.1.1,172.30.1.250,QUIC,112
Messages,4429,3.00196799999992,172.30.1.250,172.30.1.1,DNS,148
Messages,4430,3.0074369999999817,172.30.1.1,172.30.1.250,QUIC,1324
Messages,4431,3.0090029999998933,172.30.1.1,172.30.1.250,QUIC,148
Messages,4432,3.064591999999948,172.30.1.250,172.30.1.1,QUIC,1324
Messages,4433,3.0671669999999267,172.30.1.1,172.30.1.250,QUIC,1324
Messages,4434,3.0674329999999372,172.30.1.1,172.30.1.250,QUIC,148
Messages,4435,3.06750999999997,172.30.1.250,172.30.1.1,QUIC,856
Messages,4436,3.067553999999973,172.30.1.250,172.30.1.1,QUIC,308
Messages,4437,3.0678539999998975,172.30.1.1,172.30.1.250,QUIC,696
Messages,4438,3.0679399999999077,172.30.1.1,172.30.1.250,QUIC,108
Messages,4439,3.0680079999999634,172.30.1.1,172.30.1.250,QUIC,108
Messages,4440,3.0724259999999504,172.30.1.1,172.30.1.250,QUIC,492
Messages,4441,3.072819999999979,172.30.1.1,172.30.1.250,QUIC,108
Messages,4442,3.0884659999999258,172.30.1.250,172.30.1.1,QUIC,100
Messages,4443,3.108387999999991,172.30.1.250,172.30.1.1,QUIC,196
Messages,4444,3.133551999999895,172.30.1.250,172.30.1.1,QUIC,104
Messages,4445,3.1363269999999375,172.30.1.1,172.30.1.250,QUIC,108
Messages,4446,3.1365839999999707,172.30.1.250,172.30.1.1,QUIC,100
Messages,4447,3.136626999999976,172.30.1.250,172.30.1.1,QUIC,104
Messages,4448,3.1399149999999736,172.30.1.1,172.30.1.250,QUIC,448
Messages,4449,3.140286999999944,172.30.1.1,172.30.1.250,QUIC,108
Google Play service,4450,3.1526179999999613,172.30.1.250,172.30.1.1,TLSv1.3,432
Google Play service,4451,3.1527779999998984,172.30.1.1,172.30.1.250,TCP,88
Messages,4452,3.161555999999905,172.30.1.250,172.30.1.1,QUIC,1320
Messages,4453,3.161677999999938,172.30.1.250,172.30.1.1,QUIC,192
Messages,4454,3.1626759999999194,172.30.1.1,172.30.1.250,QUIC,112
Messages,4455,3.1634429999999156,172.30.1.1,172.30.1.250,QUIC,112
Google Play service,4456,3.1751539999999068,172.30.1.1,172.30.1.250,TLSv1.3,124
Google Play service,4457,3.17540699999995,172.30.1.250,172.30.1.1,TCP,88
Messages,4458,3.1782049999999344,172.30.1.250,172.30.1.1,QUIC,104
Messages,4459,3.187362999999891,172.30.1.250,172.30.1.1,QUIC,100
Messages,4460,3.2057810000000018,172.30.1.1,172.30.1.250,QUIC,108
Messages,4461,3.212353999999891,172.30.1.250,172.30.1.1,QUIC,660
Messages,4462,3.2175359999999955,172.30.1.250,172.30.1.1,QUIC,100
Messages,4463,3.221288999999956,172.30.1.1,172.30.1.250,QUIC,116
Messages,4464,3.253272999999922,172.30.1.1,172.30.1.250,QUIC,440
Messages,4465,3.253868999999895,172.30.1.1,172.30.1.250,QUIC,108
Messages,4466,3.274663999999916,172.30.1.250,172.30.1.1,QUIC,152
Messages,4467,3.275641999999948,172.30.1.1,172.30.1.250,QUIC,112
Messages,4468,3.294685999999956,172.30.1.250,172.30.1.1,QUIC,104
Messages,4469,3.2948149999999714,172.30.1.250,172.30.1.1,QUIC,156
Messages,4470,3.2957309999999325,172.30.1.1,172.30.1.250,QUIC,112
Messages,4471,3.3074929999999085,172.30.1.250,172.30.1.1,QUIC,100
Messages,4472,3.3537319999999227,172.30.1.250,172.30.1.1,QUIC,100
Messages,4473,3.3836069999999836,172.30.1.250,172.30.1.1,QUIC,156
Messages,4474,3.38441899999998,172.30.1.1,172.30.1.250,QUIC,112
Messages,4475,3.3959689999999227,172.30.1.1,172.30.1.250,QUIC,392
Messages,4476,3.396558999999911,172.30.1.1,172.30.1.250,QUIC,108
Messages,4477,3.4314749999999776,172.30.1.250,172.30.1.1,QUIC,104
Messages,4478,3.4613059999999223,172.30.1.1,172.30.1.250,QUIC,108
Messages,4479,3.473833999999897,172.30.1.250,172.30.1.1,QUIC,100
Messages,4480,3.475871999999981,172.30.1.250,172.30.1.1,QUIC,156
Messages,4481,3.476801999999907,172.30.1.1,172.30.1.250,QUIC,112
Messages,4482,3.534353999999894,172.30.1.250,172.30.1.1,QUIC,100
Messages,4483,10.221493999999893,172.30.1.250,172.30.1.1,QUIC,108
Messages,4484,10.230786999999964,172.30.1.1,172.30.1.250,QUIC,116
Messages,4485,13.115088999999898,172.30.1.250,172.30.1.1,QUIC,456
Messages,4486,13.130854,172.30.1.1,172.30.1.250,QUIC,116
Messages,4487,17.572788999999943,172.30.1.250,172.30.1.1,QUIC,456
Messages,4488,17.598811999999953,172.30.1.1,172.30.1.250,QUIC,116
Messages,4489,20.13996899999995,172.30.1.250,172.30.1.1,QUIC,108
Google Play service,4490,20.143389999999954,172.30.1.250,172.30.1.1,TLSv1.3,432
Messages,4491,20.14411599999994,172.30.1.250,172.30.1.1,QUIC,632
Messages,4492,20.165759999999977,172.30.1.1,172.30.1.250,QUIC,116
Google Play service,4493,20.19389199999989,172.30.1.1,172.30.1.250,TCP,88
Messages,4494,20.246415999999954,172.30.1.1,172.30.1.250,QUIC,1324
Messages,4495,20.24792699999989,172.30.1.1,172.30.1.250,QUIC,152
Messages,4496,20.382706999999982,172.30.1.1,172.30.1.250,QUIC,1324
Messages,4497,20.58382599999993,172.30.1.250,172.30.1.1,QUIC,1324
Messages,4498,20.588265999999976,172.30.1.250,172.30.1.1,QUIC,856
Messages,4499,20.58835799999997,172.30.1.250,172.30.1.1,QUIC,308
Messages,4500,20.58838999999989,172.30.1.250,172.30.1.1,QUIC,100
Messages,4501,20.588419999999928,172.30.1.250,172.30.1.1,QUIC,1324
Messages,4502,20.591044999999895,172.30.1.1,172.30.1.250,QUIC,1324
Messages,4503,20.591485999999918,172.30.1.1,172.30.1.250,QUIC,148
Messages,4504,20.592728999999963,172.30.1.1,172.30.1.250,QUIC,108
Messages,4505,20.595023999999967,172.30.1.1,172.30.1.250,QUIC,188
Messages,4506,20.595707999999945,172.30.1.250,172.30.1.1,QUIC,1324
Messages,4507,20.597014999999942,172.30.1.1,172.30.1.250,QUIC,192
Messages,4508,20.597480999999902,172.30.1.1,172.30.1.250,QUIC,692
Messages,4509,20.597835999999916,172.30.1.1,172.30.1.250,QUIC,1256
Messages,4510,20.598184999999944,172.30.1.1,172.30.1.250,QUIC,108
Messages,4511,20.598389999999995,172.30.1.1,172.30.1.250,QUIC,108
Messages,4512,20.616539999999986,172.30.1.1,172.30.1.250,QUIC,492
Messages,4513,20.61714699999993,172.30.1.1,172.30.1.250,QUIC,108
Messages,4514,20.65423499999997,172.30.1.250,172.30.1.1,QUIC,196
Messages,4515,20.655214,172.30.1.1,172.30.1.250,QUIC,112
Messages,4516,20.668809999999894,172.30.1.250,172.30.1.1,QUIC,108
Messages,4517,20.684800999999993,172.30.1.250,172.30.1.1,QUIC,108
Messages,4518,20.68487499999992,172.30.1.250,172.30.1.1,QUIC,104
Messages,4519,20.68489599999998,172.30.1.250,172.30.1.1,QUIC,108
Messages,4520,20.685433999999987,172.30.1.1,172.30.1.250,QUIC,108
Messages,4521,20.70471699999996,172.30.1.250,172.30.1.1,QUIC,960
Messages,4522,20.705193999999892,172.30.1.1,172.30.1.250,QUIC,112
Messages,4523,20.77218199999993,172.30.1.250,172.30.1.1,QUIC,100
Messages,4524,20.77780699999994,172.30.1.250,172.30.1.1,QUIC,152
Messages,4525,20.778762999999913,172.30.1.1,172.30.1.250,QUIC,112
Messages,4526,20.842785999999933,172.30.1.250,172.30.1.1,QUIC,100
Messages,4527,20.880895999999893,172.30.1.250,172.30.1.1,QUIC,164
Messages,4528,20.88235199999997,172.30.1.1,172.30.1.250,QUIC,112
Messages,4529,20.939346,172.30.1.250,172.30.1.1,QUIC,100
Messenger,4530,26.734122999999954,172.30.1.1,172.30.1.250,TCP,108
Messenger,4531,26.744205999999963,172.30.1.1,172.30.1.250,DNS,116
Messenger,4532,27.00782499999991,172.30.1.250,172.30.1.1,TCP,96
Messenger,4533,27.00859099999991,172.30.1.250,172.30.1.1,DNS,156
Messenger,4534,27.009472999999957,172.30.1.1,172.30.1.250,TCP,88
Messenger,4535,27.016034999999988,172.30.1.1,172.30.1.250,TLSv1.3,488
Messenger,4536,27.016796,172.30.1.250,172.30.1.1,TCP,88
Messenger,4537,27.019327999999973,172.30.1.1,172.30.1.250,TLSv1.3,496
Messenger,4538,27.019623999999908,172.30.1.250,172.30.1.1,TCP,88
Messenger,4539,27.39653899999996,172.30.1.250,172.30.1.1,TLSv1.3,3324
Messenger,4540,27.396969999999897,172.30.1.1,172.30.1.250,TCP,88
Messenger,4541,27.40574599999991,172.30.1.1,172.30.1.250,TLSv1.3,144
Messenger,4542,27.405794999999898,172.30.1.1,172.30.1.250,TLSv1.3,488
Messenger,4543,27.406320999999934,172.30.1.250,172.30.1.1,TCP,88
Messenger,4544,27.465038999999933,172.30.1.250,172.30.1.1,TLSv1.3,340
Messenger,4545,27.465590999999904,172.30.1.1,172.30.1.250,TCP,88
Messenger,4546,27.465638999999896,172.30.1.250,172.30.1.1,TLSv1.3,132
Messenger,4547,27.465972999999963,172.30.1.1,172.30.1.250,TCP,88
Messenger,4548,27.466769,172.30.1.1,172.30.1.250,TLSv1.3,120
Messenger,4549,27.466959999999972,172.30.1.250,172.30.1.1,TCP,88
Messenger,4550,27.491372999999953,172.30.1.250,172.30.1.1,TLSv1.3,168
Messenger,4551,27.491566999999918,172.30.1.1,172.30.1.250,TCP,88
Messenger,4552,27.537746999999968,172.30.1.1,172.30.1.250,TLSv1.3,344
Messenger,4553,27.538079999999923,172.30.1.250,172.30.1.1,TCP,88
Messenger,4554,27.539747999999918,172.30.1.1,172.30.1.250,TLSv1.3,332
Messenger,4555,27.53990299999998,172.30.1.250,172.30.1.1,TCP,88
Messenger,4556,27.551571999999965,172.30.1.1,172.30.1.250,TLSv1.3,352
Messenger,4557,27.55210299999999,172.30.1.250,172.30.1.1,TCP,88
Messenger,4558,27.554943999999978,172.30.1.1,172.30.1.250,TLSv1.3,324
Messenger,4559,27.555083999999965,172.30.1.250,172.30.1.1,TCP,88
Messenger,4560,27.557290999999964,172.30.1.1,172.30.1.250,TLSv1.3,448
Messenger,4561,27.557661999999937,172.30.1.250,172.30.1.1,TCP,88
Messenger,4562,27.567035999999916,172.30.1.1,172.30.1.250,TLSv1.3,604
Messenger,4563,27.5672229999999,172.30.1.250,172.30.1.1,TCP,88
Messenger,4564,27.621619999999893,172.30.1.250,172.30.1.1,TLSv1.3,124
Messenger,4565,27.63059199999998,172.30.1.250,172.30.1.1,TLSv1.3,156
Messenger,4566,27.63164299999994,172.30.1.1,172.30.1.250,TCP,88
Messenger,4567,27.639464999999973,172.30.1.250,172.30.1.1,TLSv1.3,124
Messenger,4568,27.645595999999955,172.30.1.250,172.30.1.1,TLSv1.3,156
Messenger,4569,27.64740299999994,172.30.1.1,172.30.1.250,TCP,88
Messenger,4570,27.647577999999953,172.30.1.250,172.30.1.1,TLSv1.3,188
Messenger,4571,27.65099399999997,172.30.1.250,172.30.1.1,TLSv1.3,156
Messenger,4572,27.652207999999973,172.30.1.1,172.30.1.250,TCP,88
Messenger,4573,27.682629999999904,172.30.1.250,172.30.1.1,TLSv1.3,356
Messenger,4574,27.69320199999993,172.30.1.250,172.30.1.1,TLSv1.3,328
Messenger,4575,27.693354999999997,172.30.1.1,172.30.1.250,TCP,88
Messenger,4576,27.787112999999977,172.30.1.250,172.30.1.1,TLSv1.3,300
Messenger,4577,27.795528999999988,172.30.1.250,172.30.1.1,TLSv1.3,188
Messenger,4578,27.797247999999968,172.30.1.1,172.30.1.250,TCP,88
Messenger,4579,27.918020999999953,172.30.1.250,172.30.1.1,TLSv1.3,424
Messenger,4580,27.962430999999924,172.30.1.1,172.30.1.250,TCP,88
Messages,4581,30.059736999999927,172.30.1.250,172.30.1.1,QUIC,108
Messages,4582,30.067696999999953,172.30.1.1,172.30.1.250,QUIC,116
Messages,4583,39.971768999999995,172.30.1.250,172.30.1.1,QUIC,108
Messages,4584,39.99629899999991,172.30.1.1,172.30.1.250,QUIC,116
WhatsApp,4585,47.652995999999916,172.30.1.250,172.30.1.1,TCP,88
WhatsApp,4586,47.69394,172.30.1.1,172.30.1.250,TCP,108
WhatsApp,4587,47.90060399999993,172.30.1.250,172.30.1.1,TCP,96
WhatsApp,4588,47.901686999999924,172.30.1.1,172.30.1.250,TCP,88
WhatsApp,4589,47.908772,172.30.1.1,172.30.1.250,TCP,92
WhatsApp,4590,47.90965099999994,172.30.1.250,172.30.1.1,TCP,88
WhatsApp,4591,47.9104329999999,172.30.1.1,172.30.1.250,TCP,92
WhatsApp,4592,47.910602999999924,172.30.1.250,172.30.1.1,TCP,88
WhatsApp,4593,47.91096799999991,172.30.1.1,172.30.1.250,TCP,92
WhatsApp,4594,47.91121099999998,172.30.1.250,172.30.1.1,TCP,88
WhatsApp,4595,47.916300999999976,172.30.1.1,172.30.1.250,TCP,92
WhatsApp,4596,47.91663699999992,172.30.1.250,172.30.1.1,TCP,88
WhatsApp,4597,47.921822999999904,172.30.1.1,172.30.1.250,TCP,92
WhatsApp,4598,47.922330999999986,172.30.1.250,172.30.1.1,TCP,88
WhatsApp,4599,47.922776999999996,172.30.1.1,172.30.1.250,TCP,352
WhatsApp,4600,47.923046,172.30.1.250,172.30.1.1,TCP,88
WhatsApp,4601,48.17546399999992,172.30.1.250,172.30.1.1,TCP,316
WhatsApp,4602,48.17651999999998,172.30.1.1,172.30.1.250,TCP,88
WhatsApp,4603,48.17968199999996,172.30.1.250,172.30.1.1,TCP,124
WhatsApp,4604,48.17982699999993,172.30.1.1,172.30.1.250,TCP,88
WhatsApp,4605,48.19143199999996,172.30.1.1,172.30.1.250,TCP,92
WhatsApp,4606,48.191701999999964,172.30.1.250,172.30.1.1,TCP,88
WhatsApp,4607,48.192200999999955,172.30.1.1,172.30.1.250,TCP,256
WhatsApp,4608,48.19246599999997,172.30.1.250,172.30.1.1,TCP,88
WhatsApp,4609,48.19399599999997,172.30.1.1,172.30.1.250,TCP,92
WhatsApp,4610,48.194205999999895,172.30.1.250,172.30.1.1,TCP,88
WhatsApp,4611,48.19475299999999,172.30.1.1,172.30.1.250,TCP,124
WhatsApp,4612,48.19495699999993,172.30.1.250,172.30.1.1,TCP,88
WhatsApp,4613,48.2661599999999,172.30.1.250,172.30.1.1,TCP,284
WhatsApp,4614,48.26645499999995,172.30.1.1,172.30.1.250,TCP,88
Messages,4615,50.220993999999905,172.30.1.250,172.30.1.1,QUIC,108
Messages,4616,50.231833999999935,172.30.1.1,172.30.1.250,QUIC,116
Messages,4617,50.344475999999986,172.30.1.250,172.30.1.1,QUIC,108
Messages,4618,50.34627599999999,172.30.1.1,172.30.1.250,QUIC,116
Messages,4619,60.17643399999997,172.30.1.250,172.30.1.1,QUIC,108
Messages,4620,60.179472999999916,172.30.1.1,172.30.1.250,QUIC,116
Messages,4621,70.0697909999999,172.30.1.250,172.30.1.1,QUIC,108
Messages,4622,70.07853399999999,172.30.1.1,172.30.1.250,QUIC,116
Messages,4623,80.0001769999999,172.30.1.250,172.30.1.1,QUIC,108
Messages,4624,80.0057589999999,172.30.1.1,172.30.1.250,QUIC,120
Messages,4625,80.10597199999984,172.30.1.250,172.30.1.1,QUIC,100
Accountable2You,4626,89.73728299999993,172.30.1.1,172.30.1.250,TCP,108
Google Play service,4627,89.82666700000004,172.30.1.1,172.30.1.250,DNS,112
Messages,4628,90.09480099999996,172.30.1.250,172.30.1.1,QUIC,108
Accountable2You,4629,90.09509000000003,172.30.1.250,172.30.1.1,TCP,96
Google Play service,4630,90.09566599999994,172.30.1.250,172.30.1.1,DNS,128
Accountable2You,4631,90.09630100000004,172.30.1.1,172.30.1.250,TCP,88
Accountable2You,4632,90.09948399999985,172.30.1.1,172.30.1.250,TLSv1.3,604
Accountable2You,4633,90.099874,172.30.1.250,172.30.1.1,TCP,88
Google Play service,4634,90.10245399999985,172.30.1.1,172.30.1.250,TCP,108
Messages,4635,90.10695899999996,172.30.1.1,172.30.1.250,QUIC,108
Google Play service,4636,90.18604899999991,172.30.1.250,172.30.1.1,TCP,96
Google Play service,4637,90.18663300000003,172.30.1.1,172.30.1.250,TCP,88
Accountable2You,4638,90.18773799999985,172.30.1.250,172.30.1.1,TLSv1.3,1392
Accountable2You,4639,90.1881249999999,172.30.1.1,172.30.1.250,TCP,88
Accountable2You,4640,90.190114,172.30.1.250,172.30.1.1,TCP,2700
Accountable2You,4641,90.19027600000004,172.30.1.1,172.30.1.250,TCP,88
Google Play service,4642,90.19197299999996,172.30.1.1,172.30.1.250,TLSv1.2,272
Google Play service,4643,90.19230399999992,172.30.1.250,172.30.1.1,TCP,88
Accountable2You,4644,90.19521499999996,172.30.1.250,172.30.1.1,TCP,1392
Accountable2You,4645,90.19593199999986,172.30.1.1,172.30.1.250,TCP,88
Accountable2You,4646,90.19740699999988,172.30.1.250,172.30.1.1,TLSv1.3,1556
Accountable2You,4647,90.19767499999989,172.30.1.1,172.30.1.250,TCP,88
Google Play service,4648,90.23138300000005,172.30.1.250,172.30.1.1,TLSv1.2,2700
Google Play service,4649,90.23189400000001,172.30.1.1,172.30.1.250,TCP,88
Google Play service,4650,90.23362799999995,172.30.1.250,172.30.1.1,TCP,1392
Google Play service,4651,90.23385699999994,172.30.1.1,172.30.1.250,TCP,88
Accountable2You,4652,90.23407899999984,172.30.1.1,172.30.1.250,TLSv1.3,152
Accountable2You,4653,90.2343719999999,172.30.1.250,172.30.1.1,TCP,88
Google Play service,4654,90.2370249999999,172.30.1.250,172.30.1.1,TLSv1.2,736
Google Play service,4655,90.23771799999986,172.30.1.1,172.30.1.250,TCP,88
Accountable2You,4656,90.23832900000002,172.30.1.1,172.30.1.250,TLSv1.3,132
Accountable2You,4657,90.23863000000006,172.30.1.250,172.30.1.1,TCP,88
Accountable2You,4658,90.23941100000002,172.30.1.1,172.30.1.250,TLSv1.3,124
Accountable2You,4659,90.23967599999992,172.30.1.250,172.30.1.1,TCP,88
Accountable2You,4660,90.24040500000001,172.30.1.1,172.30.1.250,TLSv1.3,124
Accountable2You,4661,90.24072299999989,172.30.1.250,172.30.1.1,TCP,88
Accountable2You,4662,90.24260400000003,172.30.1.1,172.30.1.250,TLSv1.3,160
Accountable2You,4663,90.242884,172.30.1.250,172.30.1.1,TCP,88
Google Play service,4664,90.26464399999986,172.30.1.1,172.30.1.250,TLSv1.2,180
Google Play service,4665,90.26501800000005,172.30.1.250,172.30.1.1,TCP,88
Google Play service,4666,90.26642100000004,172.30.1.1,172.30.1.250,TLSv1.2,440
Google Play service,4667,90.26664200000005,172.30.1.250,172.30.1.1,TCP,88
Accountable2You,4668,90.27632900000003,172.30.1.250,172.30.1.1,TLSv1.3,700
Accountable2You,4669,90.27703499999984,172.30.1.1,172.30.1.250,TCP,88
Accountable2You,4670,90.27988499999992,172.30.1.1,172.30.1.250,TLSv1.3,120
Accountable2You,4671,90.28017299999988,172.30.1.250,172.30.1.1,TCP,88
Accountable2You,4672,90.28382899999997,172.30.1.250,172.30.1.1,TLSv1.3,344
Accountable2You,4673,90.28412800000001,172.30.1.1,172.30.1.250,TCP,88
Accountable2You,4674,90.28655099999992,172.30.1.1,172.30.1.250,TCP,88
Accountable2You,4675,90.286881,172.30.1.250,172.30.1.1,TCP,88
Accountable2You,4676,90.29548399999999,172.30.1.1,172.30.1.250,TLSv1.3,1528
Accountable2You,4677,90.2961029999999,172.30.1.250,172.30.1.1,TCP,88
Google Play service,4678,90.30442900000003,172.30.1.250,172.30.1.1,TLSv1.2,384
Google Play service,4679,90.30528699999991,172.30.1.1,172.30.1.250,TCP,88
Accountable2You,4680,90.32037999999989,172.30.1.250,172.30.1.1,TCP,88
Google Play service,4681,90.34489499999995,172.30.1.250,172.30.1.1,TLSv1.2,476
Google Play service,4682,90.34540700000002,172.30.1.1,172.30.1.250,TCP,88
Google Play service,4683,90.388733,172.30.1.1,172.30.1.250,TLSv1.2,1060
Google Play service,4684,90.38967600000001,172.30.1.250,172.30.1.1,TCP,88
Google Play service,4685,90.45139500000005,172.30.1.250,172.30.1.1,TLSv1.2,568
Google Play service,4686,90.4515899999999,172.30.1.1,172.30.1.250,TCP,88
Google Play service,4687,90.47527500000001,172.30.1.1,172.30.1.250,TLSv1.2,440
Google Play service,4688,90.4756359999999,172.30.1.250,172.30.1.1,TCP,88
Accountable2You,4689,90.50210100000004,172.30.1.250,172.30.1.1,TLSv1.3,676
Accountable2You,4690,90.50224800000001,172.30.1.1,172.30.1.250,TCP,88
Google Play service,4691,90.56189300000005,172.30.1.250,172.30.1.1,TLSv1.2,476
Google Play service,4692,90.56267200000002,172.30.1.1,172.30.1.250,TCP,88
Google Play service,4693,90.60279500000001,172.30.1.1,172.30.1.250,TLSv1.2,924
Google Play service,4694,90.6033379999999,172.30.1.250,172.30.1.1,TCP,88
Google Play service,4695,90.66074200000003,172.30.1.250,172.30.1.1,TLSv1.2,568
Google Play service,4696,90.66117499999996,172.30.1.1,172.30.1.250,TCP,88
Google Play service,4697,90.69011899999987,172.30.1.1,172.30.1.250,TLSv1.2,444
Google Play service,4698,90.69086799999991,172.30.1.250,172.30.1.1,TCP,88
Google Play service,4699,90.77139899999997,172.30.1.250,172.30.1.1,TLSv1.2,476
Google Play service,4700,90.81332399999997,172.30.1.1,172.30.1.250,TCP,88
Google Play service,4701,90.81343900000002,172.30.1.1,172.30.1.250,TLSv1.2,960
Google Play service,4702,90.81426199999987,172.30.1.250,172.30.1.1,TCP,88
Google Play service,4703,90.88538599999993,172.30.1.250,172.30.1.1,TLSv1.2,568
Google Play service,4704,90.88694199999986,172.30.1.1,172.30.1.250,TCP,88
Google Play service,4705,91.30645000000004,172.30.1.250,172.30.1.1,TLSv1.3,768
Google Play service,4706,91.30711799999995,172.30.1.1,172.30.1.250,TCP,88
Google Play service,4707,91.35703899999999,172.30.1.1,172.30.1.250,TLSv1.3,124
Google Play service,4708,91.35745499999985,172.30.1.250,172.30.1.1,TCP,88
Gmail,4709,91.47453399999995,172.30.1.1,172.30.1.250,DNS,108
Gmail,4710,91.54445799999985,172.30.1.250,172.30.1.1,DNS,124
Gmail,4711,91.55008099999986,172.30.1.1,172.30.1.250,TCP,108
Gmail,4712,91.5925299999999,172.30.1.250,172.30.1.1,TCP,96
Gmail,4713,91.59281499999997,172.30.1.1,172.30.1.250,TCP,88
Gmail,4714,91.593703,172.30.1.1,172.30.1.250,TLSv1.3,856
Gmail,4715,91.59413900000004,172.30.1.250,172.30.1.1,TCP,88
Gmail,4716,91.64094799999998,172.30.1.250,172.30.1.1,TLSv1.3,464
Gmail,4717,91.64137400000004,172.30.1.1,172.30.1.250,TCP,88
Gmail,4718,91.64427499999988,172.30.1.1,172.30.1.250,TLSv1.3,160
Gmail,4719,91.64482099999987,172.30.1.250,172.30.1.1,TCP,88
Gmail,4720,91.6473289999999,172.30.1.1,172.30.1.250,TLSv1.3,184
Gmail,4721,91.6478669999999,172.30.1.250,172.30.1.1,TCP,88
Gmail,4722,91.65053999999986,172.30.1.1,172.30.1.250,TLSv1.3,1800
Gmail,4723,91.65098899999998,172.30.1.250,172.30.1.1,TCP,88
Gmail,4724,91.65225999999984,172.30.1.1,172.30.1.250,TLSv1.3,368
Gmail,4725,91.65254099999993,172.30.1.250,172.30.1.1,TCP,88
Gmail,4726,91.67990799999984,172.30.1.250,172.30.1.1,TLSv1.3,1048
Gmail,4727,91.68031399999995,172.30.1.1,172.30.1.250,TCP,88
Gmail,4728,91.68129499999986,172.30.1.1,172.30.1.250,TLSv1.3,120
Gmail,4729,91.68157999999994,172.30.1.250,172.30.1.1,TCP,88
Gmail,4730,91.68638699999997,172.30.1.250,172.30.1.1,TLSv1.3,120
Gmail,4731,91.68697299999985,172.30.1.1,172.30.1.250,TCP,88
Gmail,4732,91.86882500000002,172.30.1.250,172.30.1.1,TLSv1.3,2224
Gmail,4733,91.8696809999999,172.30.1.1,172.30.1.250,TCP,88
Gmail,4734,91.8801289999999,172.30.1.1,172.30.1.250,TLSv1.3,128
Gmail,4735,91.880762,172.30.1.250,172.30.1.1,TCP,88
Gmail,4736,91.99427300000002,172.30.1.1,172.30.1.250,TLSv1.3,560
Gmail,4737,91.99509699999999,172.30.1.250,172.30.1.1,TCP,88
Gmail,4738,91.99620600000003,172.30.1.1,172.30.1.250,TLSv1.3,180
Gmail,4739,91.996263,172.30.1.250,172.30.1.1,TCP,88
Gmail,4740,92.18772399999989,172.30.1.250,172.30.1.1,TLSv1.3,1468
Gmail,4741,92.19000600000004,172.30.1.250,172.30.1.1,TLSv1.3,1392
Gmail,4742,92.19042100000001,172.30.1.1,172.30.1.250,TCP,88
Gmail,4743,92.19311100000004,172.30.1.250,172.30.1.1,TLSv1.3,1684
Gmail,4744,92.19613200000003,172.30.1.250,172.30.1.1,TLSv1.3,1260
Gmail,4745,92.19634900000005,172.30.1.1,172.30.1.250,TCP,88
Gmail,4746,92.22271799999999,172.30.1.250,172.30.1.1,TLSv1.3,1392
Gmail,4747,92.22839099999987,172.30.1.250,172.30.1.1,TLSv1.3,1392
Gmail,4748,92.22890699999994,172.30.1.1,172.30.1.250,TCP,88
Gmail,4749,92.28842499999996,172.30.1.250,172.30.1.1,TLSv1.3,1392
Gmail,4750,92.30783399999996,172.30.1.250,172.30.1.1,TLSv1.3,1392
Gmail,4751,92.3079479999999,172.30.1.1,172.30.1.250,TCP,88
Gmail,4752,92.37699999999995,172.30.1.250,172.30.1.1,TLSv1.3,1392
Gmail,4753,92.38023899999985,172.30.1.250,172.30.1.1,TLSv1.3,1392
Gmail,4754,92.38046099999997,172.30.1.1,172.30.1.250,TCP,88
Gmail,4755,92.38185399999998,172.30.1.250,172.30.1.1,TLSv1.3,1392
Gmail,4756,92.38617499999987,172.30.1.250,172.30.1.1,TLSv1.3,1280
Gmail,4757,92.38639199999989,172.30.1.1,172.30.1.250,TCP,88
Gmail,4758,92.4011129999999,172.30.1.1,172.30.1.250,TLSv1.3,128
Gmail,4759,92.40144399999986,172.30.1.250,172.30.1.1,TCP,88
Gmail,4760,92.53539499999988,172.30.1.1,172.30.1.250,DNS,124
Gmail,4761,92.58622799999989,172.30.1.250,172.30.1.1,DNS,380
Gmail,4762,92.59312599999998,172.30.1.1,172.30.1.250,QUIC,1324
Gmail,4763,92.60190899999998,172.30.1.1,172.30.1.250,QUIC,156
Gmail,4764,92.64897299999984,172.30.1.250,172.30.1.1,QUIC,1324
Gmail,4765,92.65095299999984,172.30.1.250,172.30.1.1,QUIC,852
Gmail,4766,92.65112199999999,172.30.1.250,172.30.1.1,QUIC,292
Gmail,4767,92.65445499999987,172.30.1.1,172.30.1.250,QUIC,1324
Gmail,4768,92.65501300000005,172.30.1.1,172.30.1.250,QUIC,148
Gmail,4769,92.65603799999985,172.30.1.1,172.30.1.250,QUIC,108
Gmail,4770,92.65852900000004,172.30.1.1,172.30.1.250,QUIC,1088
Gmail,4771,92.65920899999992,172.30.1.1,172.30.1.250,QUIC,108
Gmail,4772,92.68603099999996,172.30.1.250,172.30.1.1,QUIC,100
Gmail,4773,92.69381099999987,172.30.1.250,172.30.1.1,QUIC,196
Gmail,4774,92.7004609999999,172.30.1.250,172.30.1.1,QUIC,104
Gmail,4775,92.70232699999997,172.30.1.1,172.30.1.250,QUIC,108
Gmail,4776,92.710372,172.30.1.250,172.30.1.1,QUIC,100
Gmail,4777,92.79122800000005,172.30.1.250,172.30.1.1,QUIC,456
Gmail,4778,92.79167899999993,172.30.1.250,172.30.1.1,QUIC,120
Gmail,4779,92.79410399999983,172.30.1.1,172.30.1.250,QUIC,112
Gmail,4780,92.79571599999986,172.30.1.1,172.30.1.250,QUIC,112
Gmail,4781,92.82978600000001,172.30.1.250,172.30.1.1,QUIC,100
Messages,4782,100.01425100000006,172.30.1.250,172.30.1.1,QUIC,108
Messages,4783,100.02390999999989,172.30.1.1,172.30.1.250,QUIC,108
Messages,4784,110.104468,172.30.1.250,172.30.1.1,QUIC,108
Messages,4785,110.112662,172.30.1.1,172.30.1.250,QUIC,108
Messages,4786,120.33089500000006,172.30.1.250,172.30.1.1,QUIC,108
Messages,4787,120.33866699999999,172.30.1.1,172.30.1.250,QUIC,108
Messages,4788,120.53194699999995,172.30.1.250,172.30.1.1,QUIC,108
Messages,4789,120.53453300000001,172.30.1.1,172.30.1.250,QUIC,108
Messages,4790,130.2240589999999,172.30.1.250,172.30.1.1,QUIC,108
Messages,4791,130.22578599999997,172.30.1.1,172.30.1.250,QUIC,108
Messages,4792,140.00340899999992,172.30.1.250,172.30.1.1,QUIC,108
Messages,4793,140.004457,172.30.1.1,172.30.1.250,QUIC,108
Messenger,4794,142.70603899999992,172.30.1.250,172.30.1.1,TCP,128
Messenger,4795,142.706547,172.30.1.1,172.30.1.250,TCP,88
Messenger,4796,142.70839499999988,172.30.1.1,172.30.1.250,TCP,124
Messenger,4797,142.70854399999985,172.30.1.250,172.30.1.1,TCP,88
OneDrive,4798,145.04445799999985,172.30.1.1,172.30.1.250,DNS,108
OneDrive,4799,145.39311199999997,172.30.1.250,172.30.1.1,DNS,332
OneDrive,4800,145.39885600000002,172.30.1.1,172.30.1.250,TCP,108
OneDrive,4801,145.473563,172.30.1.250,172.30.1.1,TCP,96
OneDrive,4802,145.47389799999996,172.30.1.1,172.30.1.250,TCP,88
OneDrive,4803,145.48632299999986,172.30.1.1,172.30.1.250,TLSv1.2,604
OneDrive,4804,145.4867569999999,172.30.1.250,172.30.1.1,TCP,88
Teams,4805,145.545304,172.30.1.1,172.30.1.250,DNS,124
OneDrive,4806,145.54651599999988,172.30.1.250,172.30.1.1,TCP,5360
OneDrive,4807,145.546695,172.30.1.1,172.30.1.250,TCP,88
OneDrive,4808,145.54974399999992,172.30.1.250,172.30.1.1,TLSv1.2,2100
OneDrive,4809,145.550158,172.30.1.1,172.30.1.250,TCP,88
Teams,4810,145.59046799999987,172.30.1.250,172.30.1.1,DNS,244
Teams,4811,145.597446,172.30.1.1,172.30.1.250,TCP,108
Teams,4812,145.6186459999999,172.30.1.1,172.30.1.250,DNS,120
Teams,4813,145.65477499999997,172.30.1.250,172.30.1.1,DNS,276
Teams,4814,145.66676199999984,172.30.1.1,172.30.1.250,TCP,108
Teams,4815,145.70372499999985,172.30.1.250,172.30.1.1,TCP,96
Teams,4816,145.705154,172.30.1.1,172.30.1.250,TCP,88
Teams,4817,145.71055499999989,172.30.1.250,172.30.1.1,TCP,96
Teams,4818,145.710826,172.30.1.1,172.30.1.250,TLSv1.2,604
Teams,4819,145.71111799999994,172.30.1.1,172.30.1.250,TCP,88
Teams,4820,145.711413,172.30.1.250,172.30.1.1,TCP,88
Teams,4821,145.7124369999999,172.30.1.1,172.30.1.250,TLSv1.2,604
Teams,4822,145.712855,172.30.1.250,172.30.1.1,TCP,88
OneDrive,4823,145.74048100000005,172.30.1.1,172.30.1.250,TLSv1.2,244
OneDrive,4824,145.74084100000005,172.30.1.250,172.30.1.1,TCP,88
Teams,4825,145.76199999999994,172.30.1.250,172.30.1.1,TCP,1404
Teams,4826,145.76222099999995,172.30.1.1,172.30.1.250,TCP,88
Teams,4827,145.76497999999992,172.30.1.250,172.30.1.1,TCP,1404
Teams,4828,145.76510199999984,172.30.1.1,172.30.1.250,TCP,88
Teams,4829,145.78384200000005,172.30.1.250,172.30.1.1,TCP,1404
Teams,4830,145.7839859999999,172.30.1.1,172.30.1.250,TCP,88
Teams,4831,145.78645600000004,172.30.1.250,172.30.1.1,TCP,1404
Teams,4832,145.78681899999992,172.30.1.1,172.30.1.250,TCP,88
Teams,4833,145.79045199999996,172.30.1.250,172.30.1.1,TLSv1.2,812
Teams,4834,145.79067899999995,172.30.1.1,172.30.1.250,TCP,88
OneDrive,4835,145.80797699999994,172.30.1.250,172.30.1.1,TLSv1.2,428
OneDrive,4836,145.8118159999999,172.30.1.1,172.30.1.250,TCP,88
OneDrive,4837,145.81667900000002,172.30.1.1,172.30.1.250,TLSv1.2,2312
OneDrive,4838,145.817141,172.30.1.250,172.30.1.1,TCP,88
Teams,4839,145.82269900000006,172.30.1.250,172.30.1.1,TCP,1404
Teams,4840,145.8228549999999,172.30.1.1,172.30.1.250,TCP,88
Teams,4841,145.82341299999985,172.30.1.1,172.30.1.250,TLSv1.2,244
Teams,4842,145.82363899999996,172.30.1.250,172.30.1.1,TCP,88
Teams,4843,145.82569999999987,172.30.1.250,172.30.1.1,TCP,1404
Teams,4844,145.82579299999998,172.30.1.1,172.30.1.250,TCP,88
Teams,4845,145.83038499999998,172.30.1.250,172.30.1.1,TCP,1404
Teams,4846,145.83060899999987,172.30.1.1,172.30.1.250,TCP,88
Teams,4847,145.83328800000004,172.30.1.250,172.30.1.1,TLSv1.2,2264
Teams,4848,145.83385999999996,172.30.1.1,172.30.1.250,TCP,88
Teams,4849,145.85795399999984,172.30.1.1,172.30.1.250,TLSv1.2,244
Teams,4850,145.85831699999994,172.30.1.250,172.30.1.1,TCP,88
Teams,4851,145.9525349999999,172.30.1.250,172.30.1.1,TLSv1.2,428
Teams,4852,145.9528069999999,172.30.1.1,172.30.1.250,TCP,88
Teams,4853,145.95602099999996,172.30.1.1,172.30.1.250,TLSv1.2,1524
Teams,4854,145.9562759999999,172.30.1.250,172.30.1.1,TCP,88
Teams,4855,145.98457699999994,172.30.1.250,172.30.1.1,TLSv1.2,140
Teams,4856,145.98481700000002,172.30.1.1,172.30.1.250,TCP,88
Teams,4857,145.98945400000002,172.30.1.1,172.30.1.250,TLSv1.2,140
Teams,4858,145.98965199999998,172.30.1.250,172.30.1.1,TCP,88
Teams,4859,145.9901809999999,172.30.1.1,172.30.1.250,TLSv1.2,132
Teams,4860,145.99021700000003,172.30.1.250,172.30.1.1,TCP,88
Teams,4861,145.99043200000006,172.30.1.1,172.30.1.250,TLSv1.2,128
Teams,4862,145.99055399999997,172.30.1.250,172.30.1.1,TCP,88
Teams,4863,145.99917600000003,172.30.1.1,172.30.1.250,TLSv1.2,1412
Teams,4864,145.9994079999999,172.30.1.250,172.30.1.1,TCP,88
OneDrive,4865,146.07101899999998,172.30.1.250,172.30.1.1,TLSv1.2,1296
OneDrive,4866,146.07155399999988,172.30.1.1,172.30.1.250,TCP,88
OneDrive,4867,146.080561,172.30.1.250,172.30.1.1,TCP,1404
OneDrive,4868,146.08080199999995,172.30.1.1,172.30.1.250,TCP,88
OneDrive,4869,146.08876299999997,172.30.1.250,172.30.1.1,TLSv1.2,2116
OneDrive,4870,146.08900199999994,172.30.1.1,172.30.1.250,TCP,88
Teams,4871,146.13667699999996,172.30.1.250,172.30.1.1,TLSv1.2,144
Teams,4872,146.14141900000004,172.30.1.1,172.30.1.250,TCP,88
Teams,4873,146.14164800000003,172.30.1.250,172.30.1.1,TLSv1.2,168
Teams,4874,146.14193899999987,172.30.1.1,172.30.1.250,TCP,88
Teams,4875,146.143331,172.30.1.1,172.30.1.250,TLSv1.2,124
Teams,4876,146.14371200000005,172.30.1.250,172.30.1.1,TCP,88
Teams,4877,146.17717300000004,172.30.1.250,172.30.1.1,TLSv1.2,3244
Teams,4878,146.17744100000004,172.30.1.1,172.30.1.250,TCP,88
Teams,4879,146.18045699999993,172.30.1.250,172.30.1.1,TCP,2724
Teams,4880,146.1805569999999,172.30.1.1,172.30.1.250,TCP,88
Teams,4881,146.18410900000003,172.30.1.250,172.30.1.1,TCP,4040
Teams,4882,146.18432299999995,172.30.1.1,172.30.1.250,TCP,88
Teams,4883,146.18750299999988,172.30.1.250,172.30.1.1,TLSv1.2,5672
Teams,4884,146.187633,172.30.1.1,172.30.1.250,TCP,88
Teams,4885,146.19064600000002,172.30.1.250,172.30.1.1,TLSv1.2,1356
Teams,4886,146.190746,172.30.1.1,172.30.1.250,TCP,88
Teams,4887,146.19367599999987,172.30.1.250,172.30.1.1,TCP,1404
Teams,4888,146.19377799999984,172.30.1.1,172.30.1.250,TCP,88
Teams,4889,146.1981229999999,172.30.1.250,172.30.1.1,TLSv1.2,8308
Teams,4890,146.19823499999984,172.30.1.1,172.30.1.250,TCP,88
Teams,4891,146.23786900000005,172.30.1.250,172.30.1.1,TLSv1.2,904
Teams,4892,146.27024200000005,172.30.1.250,172.30.1.1,TCP,2724
Teams,4893,146.27043400000002,172.30.1.1,172.30.1.250,TCP,88
Teams,4894,146.27322400000003,172.30.1.250,172.30.1.1,TCP,4040
Teams,4895,146.27334199999996,172.30.1.1,172.30.1.250,TCP,88
Teams,4896,146.2759719999999,172.30.1.250,172.30.1.1,TLSv1.2,1096
Teams,4897,146.276067,172.30.1.1,172.30.1.250,TCP,88
Teams,4898,146.27968899999996,172.30.1.1,172.30.1.250,TCP,88
Teams,4899,146.28577599999994,172.30.1.250,172.30.1.1,TCP,5360
Teams,4900,146.28604599999994,172.30.1.1,172.30.1.250,TCP,88
Teams,4901,146.28886999999986,172.30.1.250,172.30.1.1,TLSv1.2,2724
Teams,4902,146.28913399999988,172.30.1.1,172.30.1.250,TCP,88
Teams,4903,146.29208599999993,172.30.1.250,172.30.1.1,TCP,4040
Teams,4904,146.2923229999999,172.30.1.1,172.30.1.250,TCP,88
Teams,4905,146.29693899999984,172.30.1.250,172.30.1.1,TCP,2724
Teams,4906,146.29798099999994,172.30.1.1,172.30.1.250,TCP,88
Teams,4907,146.299939,172.30.1.250,172.30.1.1,TLSv1.2,5360
Teams,4908,146.30019100000004,172.30.1.1,172.30.1.250,TCP,88
Teams,4909,146.30359499999986,172.30.1.250,172.30.1.1,TLSv1.2,5360
Teams,4910,146.30385499999988,172.30.1.1,172.30.1.250,TCP,88
Teams,4911,146.30636299999992,172.30.1.250,172.30.1.1,TCP,2724
Teams,4912,146.306605,172.30.1.1,172.30.1.250,TCP,88
Teams,4913,146.31067299999995,172.30.1.250,172.30.1.1,TCP,1404
Teams,4914,146.3108279999999,172.30.1.1,172.30.1.250,TCP,88
Teams,4915,146.31391899999994,172.30.1.250,172.30.1.1,TLSv1.2,6676
Teams,4916,146.31409199999985,172.30.1.1,172.30.1.250,TCP,88
Teams,4917,146.31681200000003,172.30.1.250,172.30.1.1,TLSv1.2,6676
Teams,4918,146.316961,172.30.1.1,172.30.1.250,TCP,88
Teams,4919,146.32008099999985,172.30.1.250,172.30.1.1,TCP,2724
Teams,4920,146.3202799999999,172.30.1.1,172.30.1.250,TCP,88
Teams,4921,146.322817,172.30.1.250,172.30.1.1,TLSv1.2,7996
Teams,4922,146.32301099999995,172.30.1.1,172.30.1.250,TCP,88
Teams,4923,146.32638699999984,172.30.1.250,172.30.1.1,TCP,4040
Teams,4924,146.3266369999999,172.30.1.1,172.30.1.250,TCP,88
Teams,4925,146.32927399999994,172.30.1.250,172.30.1.1,TLSv1.2,5360
Teams,4926,146.32956799999988,172.30.1.1,172.30.1.250,TCP,88
Teams,4927,146.33227599999987,172.30.1.250,172.30.1.1,TLSv1.2,9312
Teams,4928,146.3324869999999,172.30.1.1,172.30.1.250,TCP,88
Teams,4929,146.33520799999997,172.30.1.250,172.30.1.1,TLSv1.2,3596
Teams,4930,146.33560599999987,172.30.1.1,172.30.1.250,TCP,88
Teams,4931,146.45174599999996,172.30.1.1,172.30.1.250,DNS,124
Teams,4932,146.48361999999997,172.30.1.250,172.30.1.1,DNS,244
Teams,4933,146.48858900000005,172.30.1.1,172.30.1.250,TCP,108
Teams,4934,146.66604099999995,172.30.1.250,172.30.1.1,TCP,96
Teams,4935,146.66674899999998,172.30.1.1,172.30.1.250,TCP,88
Teams,4936,146.67288199999984,172.30.1.1,172.30.1.250,TLSv1.2,604
Teams,4937,146.67328299999986,172.30.1.250,172.30.1.1,TCP,88
Teams,4938,146.82552399999986,172.30.1.250,172.30.1.1,TCP,1404
Teams,4939,146.826012,172.30.1.1,172.30.1.250,TCP,88
Teams,4940,146.82741099999998,172.30.1.250,172.30.1.1,TCP,1404
Teams,4941,146.82756700000004,172.30.1.1,172.30.1.250,TCP,88
Teams,4942,146.83486599999992,172.30.1.250,172.30.1.1,TCP,2724
Teams,4943,146.83499600000005,172.30.1.1,172.30.1.250,TCP,88
Teams,4944,146.84003199999984,172.30.1.250,172.30.1.1,TLSv1.2,1072
Teams,4945,146.84057399999983,172.30.1.1,172.30.1.250,TCP,88
Teams,4946,146.868385,172.30.1.1,172.30.1.250,TLSv1.2,244
Teams,4947,146.86882300000002,172.30.1.250,172.30.1.1,TCP,88
Teams,4948,146.98597099999984,172.30.1.250,172.30.1.1,TLSv1.2,140
Teams,4949,146.98611699999992,172.30.1.1,172.30.1.250,TCP,88
Teams,4950,146.99107200000003,172.30.1.1,172.30.1.250,TLSv1.2,2836
Teams,4951,146.99142200000006,172.30.1.250,172.30.1.1,TCP,88
Teams,4952,147.146023,172.30.1.250,172.30.1.1,TLSv1.2,540
Teams,4953,147.14649099999997,172.30.1.1,172.30.1.250,TCP,88
Teams,4954,148.3790879999999,172.30.1.1,172.30.1.250,DNS,108
Teams,4955,148.58822999999984,172.30.1.250,172.30.1.1,DNS,244
Teams,4956,148.59917700000005,172.30.1.1,172.30.1.250,TCP,108
Teams,4957,148.664127,172.30.1.250,172.30.1.1,TCP,96
Teams,4958,148.66494699999998,172.30.1.1,172.30.1.250,TCP,88
Teams,4959,148.67379299999993,172.30.1.1,172.30.1.250,TLSv1.2,604
Teams,4960,148.67467899999997,172.30.1.250,172.30.1.1,TCP,88
Messages,4961,149.93778499999985,172.30.1.250,172.30.1.1,QUIC,108
Messages,4962,149.952767,172.30.1.1,172.30.1.250,QUIC,112
Teams,4963,150.50860899999998,172.30.1.250,172.30.1.1,TLSv1.2,2700
Teams,4964,150.50978199999986,172.30.1.1,172.30.1.250,TCP,88
Teams,4965,150.51218999999992,172.30.1.250,172.30.1.1,TLSv1.2,2548
Teams,4966,150.51321299999995,172.30.1.1,172.30.1.250,TCP,88
Teams,4967,150.55634799999984,172.30.1.1,172.30.1.250,TLSv1.2,212
Teams,4968,150.55671299999995,172.30.1.250,172.30.1.1,TCP,88
Teams,4969,151.99220100000002,172.30.1.250,172.30.1.1,TLSv1.2,344
Teams,4970,151.99297699999988,172.30.1.1,172.30.1.250,TCP,88
Teams,4971,152.0002649999999,172.30.1.1,172.30.1.250,TLSv1.2,956
Teams,4972,152.00057700000002,172.30.1.250,172.30.1.1,TCP,88
Teams,4973,154.889719,172.30.1.250,172.30.1.1,TLSv1.2,404
Teams,4974,154.89044799999988,172.30.1.1,172.30.1.250,TCP,88
